date,quarter_rial,mesghal_rial,usd_rial,quarter_toman,mesghal_toman,usd_toman,quarter_rial_per_g,mesghal_rial_per_g,RP,vol45,vol90,pos_layer2,pos_twolayer
2020-02-05,15400000,21990000,136730,1540000.0,2199000.0,13673.0,8420822.4,6768545.75,0.244111,,,,
2020-02-06,15400000,21990000,135060,1540000.0,2199000.0,13506.0,8420822.4,6768545.75,0.244111,,,,
2020-02-08,15600000,22400000,138890,1560000.0,2240000.0,13889.0,8530183.73,6894744.19,0.237201,,,,
2020-02-09,15900000,22510000,139590,1590000.0,2251000.0,13959.0,8694225.72,6928602.31,0.254831,,,,
2020-02-10,15900000,22510000,136040,1590000.0,2251000.0,13604.0,8694225.72,6928602.31,0.254831,,,,
2020-02-12,16100000,22420000,140430,1610000.0,2242000.0,14043.0,8803587.05,6900900.21,0.275716,,,,
2020-02-15,16300000,23080000,141860,1630000.0,2308000.0,14186.0,8912948.38,7104048.92,0.254629,,,,
2020-02-16,16290000,23240000,141620,1629000.0,2324000.0,14162.0,8907480.31,7153297.1,0.245227,,,,
2020-02-17,16600000,23460000,144030,1660000.0,2346000.0,14403.0,9076990.38,7221013.33,0.257024,,,,
2020-02-18,16700000,23730000,143490,1670000.0,2373000.0,14349.0,9131671.04,7304119.63,0.250208,,,,
2020-02-19,16900000,23780000,143930,1690000.0,2378000.0,14393.0,9241032.37,7319509.68,0.262521,,,,
2020-02-20,16900000,23780000,142030,1690000.0,2378000.0,14203.0,9241032.37,7319509.68,0.262521,,,,
2020-02-22,18600000,25950000,152550,1860000.0,2595000.0,15255.0,10170603.67,7987438.02,0.273325,,,,
2020-02-23,19000000,27230000,156090,1900000.0,2723000.0,15609.0,10389326.33,8381423.4,0.239566,,,,
2020-02-24,18650000,27220000,156290,1865000.0,2722000.0,15629.0,10197944.01,8378345.39,0.217179,,,,
2020-02-25,18640000,27050000,156390,1864000.0,2705000.0,15639.0,10192475.94,8326019.21,0.224172,,,,
2020-02-26,18550000,26890000,157090,1855000.0,2689000.0,15709.0,10143263.34,8276771.04,0.22551,,,,
2020-02-27,18550000,26890000,157010,1855000.0,2689000.0,15701.0,10143263.34,8276771.04,0.22551,,,,
2020-02-29,17800000,25960000,155060,1780000.0,2596000.0,15506.0,9733158.36,7990516.03,0.218089,,,,
2020-03-01,17600000,25680000,156990,1760000.0,2568000.0,15699.0,9623797.03,7904331.73,0.217535,,,,
2020-03-02,17400000,25920000,153130,1740000.0,2592000.0,15313.0,9514435.7,7978203.99,0.192554,,,,
2020-03-03,17600000,25890000,154360,1760000.0,2589000.0,15436.0,9623797.03,7968969.96,0.207659,,,,
2020-03-04,17500000,25930000,152710,1750000.0,2593000.0,15271.0,9569116.36,7981282.0,0.198945,,,,
2020-03-05,17500000,25930000,149950,1750000.0,2593000.0,14995.0,9569116.36,7981282.0,0.198945,,,,
2020-03-07,17700000,26120000,149960,1770000.0,2612000.0,14996.0,9678477.69,8039764.21,0.203826,,,,
2020-03-09,17500000,26310000,153890,1750000.0,2631000.0,15389.0,9569116.36,8098246.41,0.181628,,,,
2020-03-10,17500000,25690000,153990,1750000.0,2569000.0,15399.0,9569116.36,7907409.74,0.210146,,,,
2020-03-11,17400000,25590000,153900,1740000.0,2559000.0,15390.0,9514435.7,7876629.63,0.207932,,,,
2020-03-12,17400000,25590000,148510,1740000.0,2559000.0,14851.0,9514435.7,7876629.63,0.207932,,,,
2020-03-14,17430000,25940000,156570,1743000.0,2594000.0,15657.0,9530839.9,7984360.01,0.193689,,,,
2020-03-15,17540000,25550000,158370,1754000.0,2555000.0,15837.0,9590988.63,7864317.59,0.219558,,,,
2020-03-16,17500000,26350000,160690,1750000.0,2635000.0,16069.0,9569116.36,8110558.45,0.179834,,,,
2020-03-17,17580000,26130000,159920,1758000.0,2613000.0,15992.0,9612860.89,8042842.22,0.195207,,,,
2020-04-04,17950000,28340000,164190,1795000.0,2834000.0,16419.0,9815179.35,8723082.6,0.125196,,,,
2020-04-05,17900000,28300000,162950,1790000.0,2830000.0,16295.0,9787839.02,8710770.56,0.123648,,,,
2020-04-06,17900000,28100000,161390,1790000.0,2810000.0,16139.0,9787839.02,8649210.34,0.131645,,,,
2020-04-07,17820000,27400000,159650,1782000.0,2740000.0,15965.0,9744094.49,8433749.59,0.155369,,,,
2020-04-08,17820000,27400000,161060,1782000.0,2740000.0,16106.0,9744094.49,8433749.59,0.155369,,,,
2020-04-11,18900000,27870000,162240,1890000.0,2787000.0,16224.0,10334645.67,8578416.1,0.204727,,,,
2020-04-12,18800000,27760000,161090,1880000.0,2776000.0,16109.0,10279965.0,8544557.98,0.203101,,,,
2020-04-13,18800000,27730000,160280,1880000.0,2773000.0,16028.0,10279965.0,8535323.94,0.204402,,,,
2020-04-15,18800000,27230000,159690,1880000.0,2723000.0,15969.0,10279965.0,8381423.4,0.226518,,,,
2020-04-16,18800000,27230000,155000,1880000.0,2723000.0,15500.0,10279965.0,8381423.4,0.226518,,,,
2020-04-18,18800000,26440000,154390,1880000.0,2644000.0,15439.0,10279965.0,8138260.55,0.263165,,,,
2020-04-19,18720000,26500000,154420,1872000.0,2650000.0,15442.0,10236220.47,8156728.62,0.254942,,,,
2020-04-20,18700000,27150000,160890,1870000.0,2715000.0,16089.0,10225284.34,8356799.32,0.223589,,,,
2020-04-21,18700000,28350000,163080,1870000.0,2835000.0,16308.0,10225284.34,8726160.61,0.171796,0.024121,,QUARTER,QUARTER
2020-04-22,18900000,27950000,162690,1890000.0,2795000.0,16269.0,10334645.67,8603040.18,0.201278,0.02422,,QUARTER,QUARTER
2020-04-23,18900000,27950000,155030,1890000.0,2795000.0,15503.0,10334645.67,8603040.18,0.201278,0.024233,,QUARTER,QUARTER
2020-04-25,18740000,27550000,161520,1874000.0,2755000.0,16152.0,10247156.61,8479919.75,0.208403,0.024391,,QUARTER,QUARTER
2020-04-27,18600000,27650000,160790,1860000.0,2765000.0,16079.0,10170603.67,8510699.86,0.195037,0.024356,,QUARTER,QUARTER
2020-04-28,18530000,27750000,162410,1853000.0,2775000.0,16241.0,10132327.21,8541479.97,0.18625,0.024075,,QUARTER,QUARTER
2020-04-29,18570000,27720000,161420,1857000.0,2772000.0,16142.0,10154199.48,8532245.93,0.190097,0.024085,,QUARTER,QUARTER
2020-05-02,18490000,27730000,160790,1849000.0,2773000.0,16079.0,10110454.94,8535323.94,0.184543,0.024078,,QUARTER,QUARTER
2020-05-03,18800000,27970000,161390,1880000.0,2797000.0,16139.0,10279965.0,8609196.2,0.194068,0.024062,,QUARTER,QUARTER
2020-05-04,18800000,27950000,161420,1880000.0,2795000.0,16142.0,10279965.0,8603040.18,0.194922,0.02407,,QUARTER,QUARTER
2020-05-05,18900000,28100000,161380,1890000.0,2810000.0,16138.0,10334645.67,8649210.34,0.194866,0.024064,,QUARTER,QUARTER
2020-05-06,18930000,28250000,162890,1893000.0,2825000.0,16289.0,10351049.87,8695380.51,0.190408,0.020157,,QUARTER,QUARTER
2020-05-07,18930000,28250000,157000,1893000.0,2825000.0,15700.0,10351049.87,8695380.51,0.190408,0.018857,,QUARTER,QUARTER
2020-05-09,19600000,28900000,164920,1960000.0,2890000.0,16492.0,10717410.32,8895451.21,0.204819,0.019133,,QUARTER,QUARTER
2020-05-10,20000000,29270000,168420,2000000.0,2927000.0,16842.0,10936132.98,9009337.61,0.213866,0.019167,,QUARTER,QUARTER
2020-05-11,20400000,29740000,170210,2040000.0,2974000.0,17021.0,11154855.64,9154004.11,0.218577,0.019241,,QUARTER,QUARTER
2020-05-12,20300000,29800000,171080,2030000.0,2980000.0,17108.0,11100174.98,9172472.18,0.210162,0.019237,,QUARTER,QUARTER
2020-05-13,20640000,29670000,168610,2064000.0,2967000.0,16861.0,11286089.24,9132458.04,0.235822,0.018443,,QUARTER,QUARTER
2020-05-16,20980000,31010000,169110,2098000.0,3101000.0,16911.0,11472003.5,9544911.49,0.201897,0.019327,,QUARTER,QUARTER
2020-05-17,20980000,31210000,175780,2098000.0,3121000.0,17578.0,11472003.5,9606471.7,0.194195,0.019315,,QUARTER,QUARTER
2020-05-18,21140000,32110000,176910,2114000.0,3211000.0,17691.0,11559492.56,9883492.67,0.169576,0.01963,,QUARTER,QUARTER
2020-05-19,22100000,32160000,178910,2210000.0,3216000.0,17891.0,12084426.95,9898882.73,0.220787,0.01963,,QUARTER,QUARTER
2020-05-20,21500000,31910000,177010,2150000.0,3191000.0,17701.0,11756342.96,9821932.46,0.196948,0.019707,,QUARTER,QUARTER
2020-05-21,21500000,31910000,173050,2150000.0,3191000.0,17305.0,11756342.96,9821932.46,0.196948,0.019716,,QUARTER,QUARTER
2020-05-26,20700000,30210000,173780,2070000.0,3021000.0,17378.0,11318897.64,9298670.62,0.21726,0.021478,,QUARTER,QUARTER
2020-05-27,20730000,31170000,175710,2073000.0,3117000.0,17571.0,11335301.84,9594159.66,0.181479,0.021489,,QUARTER,QUARTER
2020-05-30,20300000,31180000,176010,2030000.0,3118000.0,17601.0,11100174.98,9597237.67,0.156601,0.021461,,QUARTER,QUARTER
2020-05-31,20400000,31470000,177020,2040000.0,3147000.0,17702.0,11154855.64,9686499.98,0.151588,0.02146,,QUARTER,QUARTER
2020-06-01,20360000,31458000,177120,2036000.0,3145800.0,17712.0,11132983.38,9682806.37,0.149768,0.021432,,QUARTER,QUARTER
2020-06-06,20000000,30840000,176810,2000000.0,3084000.0,17681.0,10936132.98,9492585.3,0.152071,0.021536,,QUARTER,QUARTER
2020-06-07,19900000,30750000,176110,1990000.0,3075000.0,17611.0,10881452.32,9464883.21,0.149666,0.021174,,QUARTER,QUARTER
2020-06-08,20400000,31460000,177910,2040000.0,3146000.0,17791.0,11154855.64,9683421.97,0.151954,0.021285,,QUARTER,QUARTER
2020-06-09,20700000,31820000,179880,2070000.0,3182000.0,17988.0,11318897.64,9794230.36,0.15567,0.017564,,QUARTER,QUARTER
2020-06-10,20620000,32100000,179800,2062000.0,3210000.0,17980.0,11275153.11,9880414.66,0.141162,0.017575,,QUARTER,QUARTER
2020-06-13,20300000,32160000,179480,2030000.0,3216000.0,17948.0,11100174.98,9898882.73,0.121356,0.017511,,QUARTER,QUARTER
2020-06-14,20400000,32090000,182910,2040000.0,3209000.0,18291.0,11154855.64,9877336.65,0.129338,0.017015,,QUARTER,QUARTER
2020-06-15,20900000,32790000,185710,2090000.0,3279000.0,18571.0,11428258.97,10092797.41,0.132318,0.017213,,QUARTER,QUARTER
2020-06-16,20900000,32790000,185670,2090000.0,3279000.0,18567.0,11428258.97,10092797.41,0.132318,0.017111,,QUARTER,QUARTER
2020-06-18,21200000,33170000,183500,2120000.0,3317000.0,18350.0,11592300.96,10209761.82,0.135413,0.017108,,QUARTER,QUARTER
2020-06-20,22500000,34770000,194800,2250000.0,3477000.0,19480.0,12303149.61,10702243.55,0.149586,0.01828,,QUARTER,QUARTER
2020-06-21,23000000,35560000,197800,2300000.0,3556000.0,19780.0,12576552.93,10945406.4,0.149026,0.018115,,QUARTER,QUARTER
2020-06-22,24100000,36580000,201000,2410000.0,3658000.0,20100.0,13178040.24,11259363.5,0.170407,0.018391,,QUARTER,QUARTER
2020-06-23,24200000,36210000,194580,2420000.0,3621000.0,19458.0,13232720.91,11145477.1,0.187273,0.017775,,QUARTER,QUARTER
2020-06-24,24000000,35190000,191480,2400000.0,3519000.0,19148.0,13123359.58,10831520.0,0.21159,0.018513,,QUARTER,QUARTER
2020-06-25,24000000,35190000,188430,2400000.0,3519000.0,18843.0,13123359.58,10831520.0,0.21159,0.018334,,QUARTER,QUARTER
2020-06-27,24500000,37060000,202170,2450000.0,3706000.0,20217.0,13396762.9,11407108.02,0.174422,0.01879,0.021621,QUARTER,QUARTER
2020-06-28,24400000,37120000,202200,2440000.0,3712000.0,20220.0,13342082.24,11425576.08,0.167738,0.018555,0.021584,QUARTER,QUARTER
2020-06-29,25400000,37860000,205300,2540000.0,3786000.0,20530.0,13888888.89,11653348.88,0.191837,0.018632,0.021634,QUARTER,QUARTER
2020-06-30,25800000,37490000,205770,2580000.0,3749000.0,20577.0,14107611.55,11539462.48,0.222554,0.018529,0.021689,QUARTER,QUARTER
2020-07-01,28400000,38621000,208400,2840000.0,3862100.0,20840.0,15529308.84,11887585.51,0.306347,0.018831,0.02181,QUARTER,QUARTER
2020-07-04,30000000,40290000,223010,3000000.0,4029000.0,22301.0,16404199.48,12401305.51,0.32278,0.019535,0.02202,QUARTER,QUARTER
2020-07-05,29700000,40250000,217810,2970000.0,4025000.0,21781.0,16240157.48,12388993.46,0.310854,0.019534,0.022033,QUARTER,QUARTER
2020-07-06,30500000,40650000,220980,3050000.0,4065000.0,22098.0,16677602.8,12512113.9,0.332916,0.019496,0.022034,QUARTER,QUARTER
2020-07-07,30800000,41520000,224700,3080000.0,4152000.0,22470.0,16841644.79,12779900.84,0.317823,0.019586,0.022084,QUARTER,QUARTER
2020-07-08,31200000,41880000,225680,3120000.0,4188000.0,22568.0,17060367.45,12890709.22,0.323462,0.019531,0.02208,QUARTER,QUARTER
2020-07-11,30480000,41840000,227010,3048000.0,4184000.0,22701.0,16666666.67,12878397.18,0.294157,0.019581,0.022084,QUARTER,QUARTER
2020-07-12,31500000,42740000,234280,3150000.0,4274000.0,23428.0,17224409.45,13155418.15,0.309302,0.019657,0.020245,QUARTER,QUARTER
2020-07-13,31500000,43120000,236300,3150000.0,4312000.0,23630.0,17224409.45,13272382.56,0.297763,0.019606,0.019715,QUARTER,QUARTER
2020-07-14,32300000,44110000,238970,3230000.0,4411000.0,23897.0,17661854.77,13577105.63,0.300856,0.019605,0.019791,QUARTER,QUARTER
2020-07-15,32410000,44900000,241370,3241000.0,4490000.0,24137.0,17722003.5,13820268.49,0.28232,0.019638,0.019793,QUARTER,QUARTER
2020-07-18,35000000,45840000,245480,3500000.0,4584000.0,24548.0,19138232.72,14109601.5,0.356398,0.019686,0.019816,QUARTER,QUARTER
2020-07-19,33200000,42480000,229000,3320000.0,4248000.0,22900.0,18153980.75,13075389.87,0.388408,0.023174,0.021487,QUARTER,QUARTER
2020-07-20,31500000,41150000,219010,3150000.0,4115000.0,21901.0,17224409.45,12666014.44,0.359892,0.023829,0.021422,QUARTER,QUARTER
2020-07-21,31200000,40100000,218000,3120000.0,4010000.0,21800.0,17060367.45,12342823.3,0.382209,0.023628,0.021601,QUARTER,QUARTER
2020-07-22,31500000,41270000,218380,3150000.0,4127000.0,21838.0,17224409.45,12702950.57,0.355938,0.023874,0.021742,QUARTER,QUARTER
2020-07-25,32500000,44050000,230970,3250000.0,4405000.0,23097.0,17771216.1,13558637.57,0.310693,0.025307,0.022678,QUARTER,QUARTER
2020-07-26,33000000,46070000,233500,3300000.0,4607000.0,23350.0,18044619.42,14180395.75,0.272505,0.025916,0.02305,QUARTER,QUARTER
2020-07-27,33300000,46110000,234500,3330000.0,4611000.0,23450.0,18208661.42,14192707.79,0.282959,0.025827,0.023048,QUARTER,QUARTER
2020-07-28,33000000,46540000,234310,3300000.0,4654000.0,23431.0,18044619.42,14325062.26,0.259654,0.025795,0.023049,QUARTER,QUARTER
2020-07-29,33100000,46950000,235470,3310000.0,4695000.0,23547.0,18099300.09,14451260.7,0.252437,0.024042,0.02305,QUARTER,QUARTER
2020-08-01,32500000,46410000,232200,3250000.0,4641000.0,23220.0,17771216.1,14285048.12,0.244043,0.024022,0.022909,QUARTER,QUARTER
2020-08-02,32700000,46590000,232710,3270000.0,4659000.0,23271.0,17880577.43,14340452.31,0.246863,0.023999,0.022883,QUARTER,QUARTER
2020-08-03,31700000,46730000,232810,3170000.0,4673000.0,23281.0,17333770.78,14383544.46,0.205111,0.024016,0.022875,QUARTER,QUARTER
2020-08-04,32500000,48080000,234910,3250000.0,4808000.0,23491.0,17771216.1,14799075.92,0.200833,0.024146,0.022979,QUARTER,QUARTER
2020-08-05,32800000,48890000,236600,3280000.0,4889000.0,23660.0,17935258.09,15048394.79,0.191839,0.023755,0.02288,QUARTER,QUARTER
2020-08-06,32800000,48890000,230020,3280000.0,4889000.0,23002.0,17935258.09,15048394.79,0.191839,0.023722,0.022753,QUARTER,QUARTER
2020-08-09,31000000,44820000,220510,3100000.0,4482000.0,22051.0,16951006.12,13795644.4,0.228722,0.027378,0.0246,QUARTER,QUARTER
2020-08-10,30000000,44690000,222170,3000000.0,4469000.0,22217.0,16404199.48,13755630.26,0.192544,0.027423,0.023175,QUARTER,QUARTER
2020-08-11,30000000,43930000,222470,3000000.0,4393000.0,22247.0,16404199.48,13521701.44,0.213176,0.027668,0.023283,QUARTER,QUARTER
2020-08-12,30500000,44400000,224470,3050000.0,4440000.0,22447.0,16677602.8,13666367.95,0.220339,0.02766,0.023254,QUARTER,QUARTER
2020-08-13,30500000,44400000,220500,3050000.0,4440000.0,22050.0,16677602.8,13666367.95,0.220339,0.027645,0.023039,QUARTER,QUARTER
2020-08-15,30500000,44970000,224510,3050000.0,4497000.0,22451.0,16677602.8,13841814.56,0.204871,0.027574,0.023043,QUARTER,QUARTER
2020-08-16,30500000,46180000,231970,3050000.0,4618000.0,23197.0,16677602.8,14214253.87,0.173301,0.027698,0.023119,QUARTER,QUARTER
2020-08-17,31000000,45900000,227370,3100000.0,4590000.0,22737.0,16951006.12,14128069.57,0.19981,0.027769,0.02313,QUARTER,QUARTER
2020-08-18,31000000,45370000,227000,3100000.0,4537000.0,22700.0,16951006.12,13964934.99,0.213826,0.02722,0.023191,QUARTER,QUARTER
2020-08-19,30500000,45590000,230980,3050000.0,4559000.0,23098.0,16677602.8,14032651.23,0.188486,0.027108,0.023054,QUARTER,QUARTER
2020-08-20,30500000,45590000,225020,3050000.0,4559000.0,22502.0,16677602.8,14032651.23,0.188486,0.026901,0.023054,QUARTER,QUARTER
2020-08-22,30000000,45100000,229370,3000000.0,4510000.0,22937.0,16404199.48,13881828.7,0.181703,0.026909,0.022824,QUARTER,QUARTER
2020-08-23,29980000,45480000,231180,2998000.0,4548000.0,23118.0,16393263.34,13998793.11,0.171048,0.026436,0.022822,QUARTER,QUARTER
2020-08-24,30500000,45570000,234610,3050000.0,4557000.0,23461.0,16677602.8,14026495.21,0.189007,0.026427,0.022744,QUARTER,QUARTER
2020-08-25,30000000,45880000,235300,3000000.0,4588000.0,23530.0,16404199.48,14121913.54,0.161613,0.02546,0.022381,QUARTER,QUARTER
2020-08-26,30500000,45990000,234200,3050000.0,4599000.0,23420.0,16677602.8,14155771.66,0.178149,0.025458,0.022286,QUARTER,QUARTER
2020-08-27,30500000,45990000,231020,3050000.0,4599000.0,23102.0,16677602.8,14155771.66,0.178149,0.025369,0.022286,QUARTER,QUARTER
2020-08-31,31700000,48350000,243600,3170000.0,4835000.0,24360.0,17333770.78,14882182.21,0.164733,0.026182,0.022686,QUARTER,QUARTER
2020-09-01,32000000,47910000,244270,3200000.0,4791000.0,24427.0,17497812.77,14746749.74,0.186554,0.026016,0.022744,QUARTER,QUARTER
2020-09-02,31700000,47793000,243100,3170000.0,4779300.0,24310.0,17333770.78,14710737.01,0.178307,0.025394,0.022761,QUARTER,QUARTER
2020-09-05,32050000,47510000,246680,3205000.0,4751000.0,24668.0,17525153.11,14623629.3,0.198413,0.025427,0.022784,QUARTER,QUARTER
2020-09-06,31800000,47690000,246680,3180000.0,4769000.0,24668.0,17388451.44,14679033.5,0.184577,0.025411,0.022777,QUARTER,QUARTER
2020-09-07,32500000,48630000,251210,3250000.0,4863000.0,25121.0,17771216.1,14968366.51,0.187252,0.025387,0.022819,QUARTER,QUARTER
2020-09-08,33000000,49560000,254690,3300000.0,4956000.0,25469.0,18044619.42,15254621.52,0.182895,0.025477,0.022845,QUARTER,QUARTER
2020-09-09,34000000,50010000,253710,3400000.0,5001000.0,25371.0,18591426.07,15393132.0,0.207774,0.025476,0.022846,QUARTER,QUARTER
2020-09-12,37000000,51880000,268420,3700000.0,5188000.0,26842.0,20231846.02,15968720.02,0.266967,0.02582,0.023071,QUARTER,QUARTER
2020-09-13,37500000,51060000,264520,3750000.0,5106000.0,26452.0,20505249.34,15716323.14,0.30471,0.025986,0.023183,QUARTER,QUARTER
2020-09-14,38000000,52800000,268920,3800000.0,5280000.0,26892.0,20778652.67,16251897.02,0.278537,0.026216,0.023298,QUARTER,QUARTER
2020-09-15,38000000,53190000,269020,3800000.0,5319000.0,26902.0,20778652.67,16371939.44,0.269163,0.026141,0.02329,QUARTER,QUARTER
2020-09-16,38000000,52600000,268850,3800000.0,5260000.0,26885.0,20778652.67,16190336.8,0.283398,0.026109,0.023345,QUARTER,QUARTER
2020-09-19,39000000,54110000,272480,3900000.0,5411000.0,27248.0,21325459.32,16655116.43,0.280415,0.023665,0.023454,QUARTER,QUARTER
2020-09-20,39250000,53110000,271860,3925000.0,5311000.0,27186.0,21462160.98,16347315.35,0.312886,0.023292,0.023576,QUARTER,QUARTER
2020-09-21,39500000,53540000,274970,3950000.0,5354000.0,27497.0,21598862.64,16479669.82,0.310637,0.022804,0.023223,QUARTER,QUARTER
2020-09-22,40000000,54010000,280930,4000000.0,5401000.0,28093.0,21872265.97,16624336.32,0.315678,0.022555,0.023224,QUARTER,QUARTER
2020-09-23,40000000,54066000,287440,4000000.0,5406600.0,28744.0,21872265.97,16641573.18,0.314315,0.020595,0.023108,QUARTER,QUARTER
2020-09-26,43500000,54420000,291240,4350000.0,5442000.0,29124.0,23786089.24,16750534.77,0.42002,0.019646,0.023103,QUARTER,QUARTER
2020-09-27,44500000,54810000,295300,4450000.0,5481000.0,29530.0,24332895.89,16870577.19,0.442327,0.019646,0.023056,QUARTER,QUARTER
2020-09-28,47000000,56010000,294240,4700000.0,5601000.0,29424.0,25699912.51,17239938.48,0.49072,0.019808,0.023104,QUARTER,QUARTER
2020-09-29,50000000,57370000,297730,5000000.0,5737000.0,29773.0,27340332.46,17658547.95,0.548277,0.020016,0.022289,QUARTER,QUARTER
2020-09-30,52500000,58530000,299730,5250000.0,5853000.0,29973.0,28707349.08,18015597.2,0.593472,0.019993,0.022181,QUARTER,QUARTER
2020-10-01,52500000,58530000,289040,5250000.0,5853000.0,28904.0,28707349.08,18015597.2,0.593472,0.020007,0.022182,QUARTER,QUARTER
2020-10-03,48800000,56340000,285030,4880000.0,5634000.0,28503.0,26684164.48,17341512.84,0.538745,0.020974,0.02267,QUARTER,QUARTER
2020-10-04,51000000,57990000,294210,5100000.0,5799000.0,29421.0,27887139.11,17849384.62,0.562359,0.020984,0.022779,QUARTER,QUARTER
2020-10-05,52000000,59160000,295960,5200000.0,5916000.0,29596.0,28433945.76,18209511.88,0.561489,0.021034,0.022642,QUARTER,QUARTER
2020-10-06,51600000,58740000,296740,5160000.0,5874000.0,29674.0,28215223.1,18080235.43,0.560556,0.021093,0.022668,QUARTER,QUARTER
2020-10-07,51600000,58740000,292020,5160000.0,5874000.0,29202.0,28215223.1,18080235.43,0.560556,0.016478,0.02262,QUARTER,QUARTER
2020-10-10,57500000,62760000,308810,5750000.0,6276000.0,30881.0,31441382.33,19317595.77,0.627603,0.018798,0.02351,MESGHAL,MESGHAL
2020-10-11,58500000,63860000,314460,5850000.0,6386000.0,31446.0,31988188.98,19656176.96,0.627386,0.018474,0.023532,MESGHAL,MESGHAL
2020-10-12,59500000,63890000,318020,5950000.0,6389000.0,31802.0,32534995.63,19665410.99,0.654427,0.018509,0.023536,MESGHAL,MESGHAL
2020-10-13,60000000,63430000,317330,6000000.0,6343000.0,31733.0,32808398.95,19523822.5,0.680429,0.018611,0.023566,MESGHAL,MESGHAL
2020-10-14,60370000,64675000,318526,6037000.0,6467500.0,31852.6,33010717.41,19907034.84,0.658244,0.018676,0.023553,MESGHAL,MESGHAL
2020-10-18,57000000,60890000,303540,5700000.0,6089000.0,30354.0,31167979.0,18742007.75,0.663001,0.020896,0.024547,MESGHAL,MESGHAL
2020-10-19,50000000,56000000,266980,5000000.0,5600000.0,26698.0,27340332.46,17236860.47,0.586155,0.024443,0.0262,MESGHAL,MESGHAL
2020-10-20,50200000,55810000,294020,5020000.0,5581000.0,29402.0,27449693.79,17178378.27,0.597921,0.024352,0.025835,MESGHAL,MESGHAL
2020-10-21,52000000,58790000,296440,5200000.0,5879000.0,29644.0,28433945.76,18095625.48,0.571316,0.025379,0.026258,MESGHAL,MESGHAL
2020-10-22,52000000,58790000,293750,5200000.0,5879000.0,29375.0,28433945.76,18095625.48,0.571316,0.025379,0.026154,MESGHAL,MESGHAL
2020-10-24,51000000,56990000,290000,5100000.0,5699000.0,29000.0,27887139.11,17541583.54,0.589773,0.025835,0.026378,MESGHAL,MESGHAL
2020-10-26,52000000,55540000,286980,5200000.0,5554000.0,28698.0,28433945.76,17095271.98,0.663264,0.026231,0.026341,MESGHAL,MESGHAL
2020-10-27,50000000,54270000,285440,5000000.0,5427000.0,28544.0,27340332.46,16704364.6,0.636718,0.026544,0.026502,MESGHAL,MESGHAL
2020-10-28,49500000,53780000,280960,4950000.0,5378000.0,28096.0,27066929.13,16553542.07,0.635114,0.026612,0.026049,MESGHAL,MESGHAL
2020-10-29,49500000,53780000,277500,4950000.0,5378000.0,27750.0,27066929.13,16553542.07,0.635114,0.026618,0.026052,MESGHAL,MESGHAL
2020-10-31,50000000,53570000,276960,5000000.0,5357000.0,27696.0,27340332.46,16488903.85,0.658105,0.026636,0.026014,MESGHAL,MESGHAL
2020-11-01,52000000,56980000,289940,5200000.0,5698000.0,28994.0,28433945.76,17538505.53,0.62123,0.027183,0.026705,MESGHAL,MESGHAL
2020-11-02,52000000,56980000,282420,5200000.0,5698000.0,28242.0,28433945.76,17538505.53,0.62123,0.027118,0.026577,MESGHAL,MESGHAL
2020-11-04,48550000,49554000,259431,4855000.0,4955400.0,25943.1,26547462.82,15252774.71,0.740501,0.033595,0.02981,MESGHAL,MESGHAL
2020-11-07,48000000,50480000,251960,4800000.0,5048000.0,25196.0,26246719.16,15537798.51,0.689217,0.033672,0.029854,MESGHAL,MESGHAL
2020-11-08,49000000,52980000,267260,4900000.0,5298000.0,26726.0,26793525.81,16307301.21,0.643039,0.034395,0.030242,MESGHAL,USD
2020-11-09,50000000,53020000,275990,5000000.0,5302000.0,27599.0,27340332.46,16319613.25,0.675305,0.034303,0.030183,MESGHAL,USD
2020-11-10,49500000,52790000,272970,4950000.0,5279000.0,27297.0,27066929.13,16248819.01,0.665778,0.034225,0.030188,MESGHAL,USD
2020-11-11,48500000,52570000,273010,4850000.0,5257000.0,27301.0,26520122.48,16181102.77,0.638956,0.03422,0.030195,MESGHAL,USD
2020-11-12,48500000,52570000,268520,4850000.0,5257000.0,26852.0,26520122.48,16181102.77,0.638956,0.033795,0.030132,MESGHAL,USD
2020-11-14,45500000,50310000,285550,4550000.0,5031000.0,28555.0,24879702.54,15485472.33,0.606648,0.034327,0.030504,MESGHAL,USD
2020-11-15,46000000,50670000,260050,4600000.0,5067000.0,26005.0,25153105.86,15596280.72,0.612763,0.033965,0.030429,MESGHAL,USD
2020-11-16,45500000,50270000,262770,4550000.0,5027000.0,26277.0,24879702.54,15473160.28,0.607926,0.033963,0.030399,MESGHAL,USD
2020-11-17,43500000,48550000,260480,4350000.0,4855000.0,26048.0,23786089.24,14943742.43,0.591709,0.03429,0.030561,MESGHAL,USD
2020-11-18,43000000,48170000,259510,4300000.0,4817000.0,25951.0,23512685.91,14826778.02,0.585826,0.034005,0.029544,MESGHAL,USD
2020-11-19,43000000,48170000,256200,4300000.0,4817000.0,25620.0,23512685.91,14826778.02,0.585826,0.033914,0.029335,MESGHAL,USD
2020-11-21,43000000,48960000,258050,4300000.0,4896000.0,25805.0,23512685.91,15069940.87,0.560237,0.033989,0.029224,MESGHAL,USD
2020-11-22,42850000,48200000,259020,4285000.0,4820000.0,25902.0,23430664.92,14836012.05,0.57931,0.034016,0.029149,MESGHAL,USD
2020-11-23,40000000,46120000,253030,4000000.0,4612000.0,25303.0,21872265.97,14195785.8,0.540758,0.03455,0.0287,MESGHAL,USD
2020-11-24,40500000,45810000,249470,4050000.0,4581000.0,24947.0,22145669.29,14100367.47,0.570574,0.034525,0.028313,MESGHAL,USD
2020-11-25,40000000,45250000,246960,4000000.0,4525000.0,24696.0,21872265.97,13927998.86,0.570381,0.034513,0.028343,MESGHAL,USD
2020-11-26,40000000,45250000,247570,4000000.0,4525000.0,24757.0,21872265.97,13927998.86,0.570381,0.034304,0.028327,MESGHAL,USD
2020-11-28,38500000,45620000,251490,3850000.0,4562000.0,25149.0,21052055.99,14041885.26,0.499233,0.034089,0.028325,MESGHAL,USD
2020-11-29,39500000,45710000,254540,3950000.0,4571000.0,25454.0,21598862.64,14069587.36,0.535145,0.033901,0.028298,MESGHAL,USD
2020-11-30,40000000,47990000,262480,4000000.0,4799000.0,26248.0,21872265.97,14771373.82,0.48072,0.034845,0.028771,MESGHAL,USD
2020-12-01,41500000,47950000,258460,4150000.0,4795000.0,25846.0,22692475.94,14759061.78,0.537528,0.034475,0.02877,MESGHAL,USD
2020-12-02,42300000,48242000,257861,4230000.0,4824200.0,25786.1,23129921.26,14848939.69,0.557682,0.034161,0.028621,MESGHAL,USD
2020-12-05,42500000,48780000,258640,4250000.0,4878000.0,25864.0,23239282.59,15014536.68,0.547786,0.034048,0.028591,MESGHAL,USD
2020-12-06,43000000,48960000,258210,4300000.0,4896000.0,25821.0,23512685.91,15069940.87,0.560237,0.034061,0.028593,MESGHAL,USD
2020-12-07,43500000,49620000,259260,4350000.0,4962000.0,25926.0,23786089.24,15273089.58,0.557386,0.034149,0.027212,MESGHAL,USD
2020-12-08,45000000,50100000,262680,4500000.0,5010000.0,26268.0,24606299.21,15420834.1,0.595653,0.032469,0.027221,MESGHAL,USD
2020-12-09,44500000,50100000,261150,4450000.0,5010000.0,26115.0,24332895.89,15420834.1,0.577923,0.032308,0.02715,MESGHAL,USD
2020-12-10,44500000,50100000,260650,4450000.0,5010000.0,26065.0,24332895.89,15420834.1,0.577923,0.032306,0.027135,MESGHAL,USD
2020-12-12,43930000,48920000,258760,4393000.0,4892000.0,25876.0,24021216.1,15057628.83,0.595285,0.032423,0.027263,MESGHAL,USD
2020-12-13,43000000,48750000,258540,4300000.0,4875000.0,25854.0,23512685.91,15005302.64,0.566958,0.032207,0.027241,MESGHAL,USD
2020-12-14,43500000,49290000,259960,4350000.0,4929000.0,25996.0,23786089.24,15171515.23,0.567812,0.031293,0.027126,MESGHAL,USD
2020-12-15,42600000,48940000,257760,4260000.0,4894000.0,25776.0,23293963.25,15063784.85,0.546355,0.02912,0.027129,MESGHAL,USD
2020-12-16,43000000,49260000,260210,4300000.0,4926000.0,26021.0,23512685.91,15162281.19,0.550735,0.029151,0.027102,MESGHAL,USD
2020-12-17,43000000,49260000,258020,4300000.0,4926000.0,25802.0,23512685.91,15162281.19,0.550735,0.027919,0.0271,MESGHAL,USD
2020-12-19,42600000,49250000,255440,4260000.0,4925000.0,25544.0,23293963.25,15159203.18,0.536622,0.027918,0.0271,MESGHAL,USD
2020-12-20,42000000,49470000,256040,4200000.0,4947000.0,25604.0,22965879.27,15226919.42,0.508242,0.027639,0.027072,MESGHAL,USD
2020-12-21,41850000,49470000,256820,4185000.0,4947000.0,25682.0,22883858.27,15226919.42,0.502855,0.027429,0.027062,MESGHAL,USD
2020-12-22,43000000,49790000,259280,4300000.0,4979000.0,25928.0,23512685.91,15325415.77,0.534228,0.027277,0.027067,MESGHAL,USD
2020-12-23,42800000,49990000,259120,4280000.0,4999000.0,25912.0,23403324.58,15386975.98,0.520983,0.027265,0.027063,MESGHAL,USD
2020-12-24,42800000,49990000,258620,4280000.0,4999000.0,25862.0,23403324.58,15386975.98,0.520983,0.027265,0.027063,MESGHAL,USD
2020-12-26,42150000,49660000,257740,4215000.0,4966000.0,25774.0,23047900.26,15285401.63,0.507837,0.027274,0.027075,MESGHAL,USD
2020-12-27,41900000,49780000,257440,4190000.0,4978000.0,25744.0,22911198.6,15322337.76,0.495281,0.025467,0.02655,MESGHAL,USD
2020-12-28,41850000,49550000,257150,4185000.0,4955000.0,25715.0,22883858.27,15251543.51,0.500429,0.025466,0.026536,MESGHAL,USD
2020-12-29,42000000,49710000,257350,4200000.0,4971000.0,25735.0,22965879.27,15300791.68,0.50096,0.016699,0.026535,MESGHAL,USD
2020-12-30,41814000,49675000,256294,4181400.0,4967500.0,25629.4,22864173.23,15290018.64,0.495366,0.016465,0.026526,MESGHAL,USD
2021-01-02,42500000,50170000,257140,4250000.0,5017000.0,25714.0,23239282.59,15442380.18,0.504903,0.014753,0.026541,MESGHAL,USD
2021-01-03,43000000,51500000,258980,4300000.0,5150000.0,25898.0,23512685.91,15851755.61,0.483286,0.015303,0.026604,MESGHAL,USD
2021-01-04,44000000,52270000,260980,4400000.0,5227000.0,26098.0,24059492.56,16088762.44,0.495422,0.01546,0.026576,MESGHAL,USD
2021-01-05,43500000,50520000,258530,4350000.0,5052000.0,25853.0,23786089.24,15550110.55,0.529641,0.016216,0.026805,MESGHAL,USD
2021-01-06,43000000,50090000,254850,4300000.0,5009000.0,25485.0,23512685.91,15417756.09,0.525039,0.016256,0.026533,MESGHAL,USD
2021-01-07,43000000,50090000,255510,4300000.0,5009000.0,25551.0,23512685.91,15417756.09,0.525039,0.014969,0.026481,MESGHAL,USD
2021-01-09,41000000,47980000,248770,4100000.0,4798000.0,24877.0,22419072.62,14768295.81,0.518054,0.016162,0.0266,MESGHAL,USD
2021-01-10,40300000,47690000,248740,4030000.0,4769000.0,24874.0,22036307.96,14679033.5,0.50121,0.016147,0.026592,MESGHAL,USD
2021-01-11,41000000,47890000,249180,4100000.0,4789000.0,24918.0,22419072.62,14740593.71,0.520907,0.015367,0.026575,MESGHAL,USD
2021-01-12,39000000,46930000,244430,3900000.0,4693000.0,24443.0,21325459.32,14445104.68,0.47631,0.015605,0.026467,MESGHAL,USD
2021-01-13,38700000,45010000,238540,3870000.0,4501000.0,23854.0,21161417.32,13854126.6,0.527445,0.016705,0.026733,MESGHAL,USD
2021-01-14,38700000,45010000,239530,3870000.0,4501000.0,23953.0,21161417.32,13854126.6,0.527445,0.016491,0.026714,MESGHAL,USD
2021-01-16,35500000,43330000,229470,3550000.0,4333000.0,22947.0,19411636.05,13337020.79,0.45547,0.017195,0.026952,MESGHAL,USD
2021-01-18,34500000,41710000,219830,3450000.0,4171000.0,21983.0,18864829.4,12838383.04,0.469409,0.016908,0.027202,MESGHAL,USD
2021-01-19,36000000,42980000,226450,3600000.0,4298000.0,22645.0,19685039.37,13229290.41,0.487989,0.017557,0.027405,MESGHAL,USD
2021-01-20,36500000,44870000,227870,3650000.0,4487000.0,22787.0,19958442.69,13811034.45,0.445108,0.018695,0.027814,MESGHAL,USD
2021-01-21,36500000,44870000,226550,3650000.0,4487000.0,22655.0,19958442.69,13811034.45,0.445108,0.018695,0.027701,MESGHAL,USD
2021-01-23,38000000,45690000,234620,3800000.0,4569000.0,23462.0,20778652.67,14063431.34,0.477495,0.018852,0.027645,MESGHAL,USD
2021-01-24,38500000,46140000,233540,3850000.0,4614000.0,23354.0,21052055.99,14201941.82,0.482336,0.018904,0.027573,MESGHAL,USD
2021-01-25,38000000,45330000,234310,3800000.0,4533000.0,23431.0,20778652.67,13952622.95,0.489229,0.017545,0.027618,MESGHAL,USD
2021-01-26,40000000,45730000,238030,4000000.0,4573000.0,23803.0,21872265.97,14075743.38,0.553898,0.017606,0.027392,MESGHAL,USD
2021-01-27,39500000,46510000,239650,3950000.0,4651000.0,23965.0,21598862.64,14315828.22,0.50874,0.017776,0.027267,MESGHAL,USD
2021-01-28,39500000,46510000,232110,3950000.0,4651000.0,23211.0,21598862.64,14315828.22,0.50874,0.017687,0.027166,MESGHAL,USD
2021-01-30,42000000,47990000,244440,4200000.0,4799000.0,24444.0,22965879.27,14771373.82,0.554756,0.018324,0.027395,MESGHAL,USD
2021-01-31,41500000,47380000,240850,4150000.0,4738000.0,24085.0,22692475.94,14583615.16,0.556025,0.018294,0.027418,MESGHAL,USD
2021-02-01,42000000,47450000,243480,4200000.0,4745000.0,24348.0,22965879.27,14605161.24,0.57245,0.018229,0.026385,MESGHAL,USD
2021-02-02,41800000,47140000,239490,4180000.0,4714000.0,23949.0,22856517.94,14509742.9,0.575253,0.018246,0.0263,MESGHAL,USD
2021-02-03,41500000,46560000,239070,4150000.0,4656000.0,23907.0,22692475.94,14331218.28,0.58343,0.018318,0.026315,MESGHAL,USD
2021-02-04,41500000,46560000,237470,4150000.0,4656000.0,23747.0,22692475.94,14331218.28,0.58343,0.018013,0.026314,MESGHAL,USD
2021-02-06,42600000,47110000,243850,4260000.0,4711000.0,24385.0,23293963.25,14500508.87,0.606424,0.018106,0.026252,MESGHAL,USD
2021-02-07,43500000,48980000,249780,4350000.0,4898000.0,24978.0,23786089.24,15076096.89,0.577735,0.018986,0.025967,MESGHAL,USD
2021-02-08,43000000,49380000,251480,4300000.0,4938000.0,25148.0,23512685.91,15199217.32,0.546967,0.018992,0.024627,MESGHAL,USD
2021-02-09,43800000,49380000,241030,4380000.0,4938000.0,24103.0,23950131.23,15199217.32,0.575748,0.018969,0.024626,MESGHAL,USD
2021-02-11,44000000,50440000,246960,4400000.0,5044000.0,24696.0,24059492.56,15525486.47,0.549677,0.019225,0.024063,MESGHAL,USD
2021-02-13,44800000,49980000,257450,4480000.0,4998000.0,25745.0,24496937.88,15383897.97,0.592375,0.01928,0.024076,MESGHAL,USD
2021-02-14,43500000,49100000,254980,4350000.0,4910000.0,25498.0,23786089.24,15113033.02,0.573879,0.019453,0.023939,MESGHAL,USD
2021-02-15,43800000,49960000,261450,4380000.0,4996000.0,26145.0,23950131.23,15377741.95,0.557454,0.019623,0.023882,MESGHAL,USD
2021-02-16,43000000,49170000,258030,4300000.0,4917000.0,25803.0,23512685.91,15134579.1,0.553574,0.019745,0.023822,MESGHAL,USD
2021-02-17,43100000,49420000,259450,4310000.0,4942000.0,25945.0,23567366.58,15211529.37,0.549309,0.01975,0.023814,MESGHAL,USD
2021-02-18,43100000,49420000,251710,4310000.0,4942000.0,25171.0,23567366.58,15211529.37,0.549309,0.01975,0.023814,MESGHAL,USD
2021-02-20,41000000,46910000,247040,4100000.0,4691000.0,24704.0,22419072.62,14438948.66,0.55268,0.021103,0.024385,MESGHAL,USD
2021-02-21,40500000,46430000,245040,4050000.0,4643000.0,24504.0,22145669.29,14291204.14,0.549601,0.02114,0.023413,MESGHAL,USD
2021-02-22,40750000,47250000,251390,4075000.0,4725000.0,25139.0,22282370.95,14543601.02,0.532108,0.021317,0.023503,MESGHAL,USD
2021-02-23,41000000,47740000,254010,4100000.0,4774000.0,25401.0,22419072.62,14694423.55,0.525686,0.021373,0.019184,MESGHAL,MESGHAL
2021-02-24,41000000,47740000,248210,4100000.0,4774000.0,24821.0,22419072.62,14694423.55,0.525686,0.021373,0.019079,MESGHAL,MESGHAL
2021-02-27,40500000,46660000,253450,4050000.0,4666000.0,25345.0,22145669.29,14361998.39,0.541963,0.021552,0.018469,MESGHAL,MESGHAL
2021-02-28,40000000,46830000,254250,4000000.0,4683000.0,25425.0,21872265.97,14414324.57,0.517398,0.021155,0.018475,MESGHAL,MESGHAL
2021-03-01,39500000,46130000,252670,3950000.0,4613000.0,25267.0,21598862.64,14198863.81,0.521168,0.021085,0.018528,MESGHAL,MESGHAL
2021-03-02,39600000,46010000,253090,3960000.0,4601000.0,25309.0,21653543.31,14161927.68,0.528997,0.020563,0.018526,MESGHAL,MESGHAL
2021-03-03,39000000,45550000,249760,3900000.0,4555000.0,24976.0,21325459.32,14020339.19,0.521037,0.020575,0.018548,MESGHAL,MESGHAL
2021-03-04,39000000,45550000,246610,3900000.0,4555000.0,24661.0,21325459.32,14020339.19,0.521037,0.020575,0.018017,MESGHAL,MESGHAL
2021-03-06,38000000,44540000,247760,3800000.0,4454000.0,24776.0,20778652.67,13709460.1,0.515643,0.019908,0.018133,MESGHAL,MESGHAL
2021-03-07,38500000,43870000,247060,3850000.0,4387000.0,24706.0,21052055.99,13503233.37,0.559038,0.019998,0.018177,MESGHAL,MESGHAL
2021-03-08,38300000,44240000,246480,3830000.0,4424000.0,24648.0,20942694.66,13617119.77,0.537968,0.020035,0.017867,MESGHAL,MESGHAL
2021-03-09,40000000,44570000,245830,4000000.0,4457000.0,24583.0,21872265.97,13718694.13,0.59434,0.019881,0.017873,MESGHAL,MESGHAL
2021-03-10,40000000,44570000,242420,4000000.0,4457000.0,24242.0,21872265.97,13718694.13,0.59434,0.018946,0.017873,MESGHAL,MESGHAL
2021-03-13,40500000,45250000,246540,4050000.0,4525000.0,24654.0,22145669.29,13927998.86,0.590011,0.019079,0.017861,MESGHAL,MESGHAL
2021-03-14,41500000,45510000,247240,4150000.0,4551000.0,24724.0,22692475.94,14008027.14,0.619962,0.018229,0.017804,MESGHAL,MESGHAL
2021-03-15,43000000,46180000,248510,4300000.0,4618000.0,24851.0,23512685.91,14214253.87,0.654163,0.017373,0.017289,MESGHAL,MESGHAL
2021-03-16,42500000,46650000,248990,4250000.0,4665000.0,24899.0,23239282.59,14358920.38,0.618456,0.016896,0.017305,MESGHAL,MESGHAL
2021-03-17,42700000,47020000,251340,4270000.0,4702000.0,25134.0,23348643.92,14472806.77,0.613277,0.015698,0.017271,MESGHAL,MESGHAL
2021-03-18,42700000,47020000,239630,4270000.0,4702000.0,23963.0,23348643.92,14472806.77,0.613277,0.015698,0.017271,MESGHAL,MESGHAL
2021-03-24,42740000,46937000,251487,4274000.0,4693700.0,25148.7,23370516.19,14447259.29,0.617644,0.015489,0.017254,MESGHAL,MESGHAL
2021-03-27,42650000,47450000,256240,4265000.0,4745000.0,25624.0,23321303.59,14605161.24,0.596785,0.015504,0.017288,MESGHAL,MESGHAL
2021-03-28,42650000,47780000,252330,4265000.0,4778000.0,25233.0,23321303.59,14706735.6,0.585757,0.01528,0.016495,MESGHAL,MESGHAL
2021-03-30,42850000,46970000,257960,4285000.0,4697000.0,25796.0,23430664.92,14457416.72,0.620667,0.015469,0.016591,MESGHAL,MESGHAL
2021-03-31,42850000,46970000,257520,4285000.0,4697000.0,25752.0,23430664.92,14457416.72,0.620667,0.015271,0.016578,MESGHAL,MESGHAL
2021-04-03,41500000,45940000,249460,4150000.0,4594000.0,24946.0,22692475.94,14140381.61,0.604799,0.01562,0.01669,MESGHAL,MESGHAL
2021-04-04,41560000,45880000,249240,4156000.0,4588000.0,24924.0,22725284.34,14121913.54,0.609221,0.014858,0.016684,MESGHAL,MESGHAL
2021-04-05,41500000,46360000,252450,4150000.0,4636000.0,25245.0,22692475.94,14269658.06,0.590261,0.014841,0.016659,MESGHAL,MESGHAL
2021-04-06,41000000,45840000,250610,4100000.0,4584000.0,25061.0,22419072.62,14109601.5,0.588923,0.014924,0.016659,MESGHAL,MESGHAL
2021-04-07,40500000,45500000,247990,4050000.0,4550000.0,24799.0,22145669.29,14004949.13,0.581275,0.014932,0.016673,MESGHAL,MESGHAL
2021-04-08,40500000,45500000,244660,4050000.0,4550000.0,24466.0,22145669.29,14004949.13,0.581275,0.014829,0.016673,MESGHAL,MESGHAL
2021-04-10,39000000,44740000,247490,3900000.0,4474000.0,24749.0,21325459.32,13771020.31,0.548575,0.015022,0.016585,MESGHAL,MESGHAL
2021-04-11,39350000,45010000,249950,3935000.0,4501000.0,24995.0,21516841.64,13854126.6,0.5531,0.014938,0.016599,MESGHAL,MESGHAL
2021-04-12,39150000,45190000,250320,3915000.0,4519000.0,25032.0,21407480.31,13909530.8,0.539051,0.013654,0.016559,MESGHAL,MESGHAL
2021-04-13,39000000,44990000,248970,3900000.0,4499000.0,24897.0,21325459.32,13847970.58,0.53997,0.013578,0.01655,MESGHAL,MESGHAL
2021-04-14,38850000,45220000,250150,3885000.0,4522000.0,25015.0,21243438.32,13918764.83,0.526245,0.013615,0.016544,MESGHAL,MESGHAL
2021-04-15,38850000,45220000,239870,3885000.0,4522000.0,23987.0,21243438.32,13918764.83,0.526245,0.013158,0.016544,MESGHAL,MESGHAL
2021-04-17,39000000,45000000,246180,3900000.0,4500000.0,24618.0,21325459.32,13851048.59,0.539628,0.013124,0.016549,MESGHAL,MESGHAL
2021-04-18,38000000,44110000,240540,3800000.0,4411000.0,24054.0,20778652.67,13577105.63,0.530418,0.013184,0.016657,MESGHAL,MESGHAL
2021-04-19,37500000,44130000,241810,3750000.0,4413000.0,24181.0,20505249.34,13583261.65,0.509597,0.012851,0.016658,MESGHAL,MESGHAL
2021-04-20,38000000,44280000,241840,3800000.0,4428000.0,24184.0,20778652.67,13629431.82,0.524543,0.012725,0.016645,MESGHAL,MESGHAL
2021-04-21,37500000,43830000,238640,3750000.0,4383000.0,23864.0,20505249.34,13490921.33,0.51993,0.012729,0.016662,MESGHAL,MESGHAL
2021-04-22,37500000,43830000,233300,3750000.0,4383000.0,23330.0,20505249.34,13490921.33,0.51993,0.012729,0.016662,MESGHAL,MESGHAL
2021-04-24,36000000,43570000,237320,3600000.0,4357000.0,23732.0,19685039.37,13410893.05,0.46784,0.010471,0.01666,MESGHAL,MESGHAL
2021-04-25,35500000,43070000,236920,3550000.0,4307000.0,23692.0,19411636.05,13256992.51,0.464256,0.010495,0.016689,MESGHAL,MESGHAL
2021-04-26,36000000,43270000,236670,3600000.0,4327000.0,23667.0,19685039.37,13318552.73,0.478016,0.010133,0.016698,MESGHAL,MESGHAL
2021-04-27,35900000,43170000,237210,3590000.0,4317000.0,23721.0,19630358.71,13287772.62,0.477325,0.009963,0.016691,MESGHAL,MESGHAL
2021-04-28,35500000,42780000,235220,3550000.0,4278000.0,23522.0,19411636.05,13167730.2,0.474182,0.010007,0.01671,MESGHAL,MESGHAL
2021-04-29,35500000,42780000,232310,3550000.0,4278000.0,23231.0,19411636.05,13167730.2,0.474182,0.009535,0.016667,MESGHAL,MESGHAL
2021-05-01,33000000,40710000,221710,3300000.0,4071000.0,22171.0,18044619.42,12530581.96,0.440046,0.011703,0.017105,MESGHAL,MESGHAL
2021-05-02,33100000,40690000,220360,3310000.0,4069000.0,22036.0,18099300.09,12524425.94,0.44512,0.01157,0.017007,MESGHAL,MESGHAL
2021-05-03,33100000,40690000,220210,3310000.0,4069000.0,22021.0,18099300.09,12524425.94,0.44512,0.011577,0.016691,MESGHAL,MESGHAL
2021-05-05,33000000,40720000,216990,3300000.0,4072000.0,21699.0,18044619.42,12533659.97,0.439693,0.011533,0.016681,MESGHAL,MESGHAL
2021-05-06,33000000,40720000,206480,3300000.0,4072000.0,20648.0,18044619.42,12533659.97,0.439693,0.011533,0.016681,MESGHAL,MESGHAL
2021-05-08,33000000,40670000,216460,3300000.0,4067000.0,21646.0,18044619.42,12518269.92,0.441463,0.011143,0.016134,MESGHAL,MESGHAL
2021-05-09,35800000,42592000,221816,3580000.0,4259200.0,22181.6,19575678.04,13109863.59,0.493202,0.013125,0.016923,MESGHAL,MESGHAL
2021-05-11,36000000,42650000,221850,3600000.0,4265000.0,22185.0,19685039.37,13127716.06,0.499502,0.013058,0.016915,MESGHAL,MESGHAL
2021-05-12,37000000,43050000,225850,3700000.0,4305000.0,22585.0,20231846.02,13250836.49,0.526835,0.013088,0.016831,MESGHAL,MESGHAL
2021-05-15,38000000,44580000,220500,3800000.0,4458000.0,22050.0,20778652.67,13721772.14,0.514283,0.014136,0.016715,MESGHAL,MESGHAL
2021-05-16,38800000,43940000,228860,3880000.0,4394000.0,22886.0,21216097.99,13524779.45,0.568683,0.014104,0.016783,MESGHAL,MESGHAL
2021-05-17,39000000,44520000,231150,3900000.0,4452000.0,23115.0,21325459.32,13703304.08,0.556228,0.014221,0.016369,MESGHAL,MESGHAL
2021-05-18,38000000,43950000,228240,3800000.0,4395000.0,22824.0,20778652.67,13527857.46,0.53599,0.014149,0.015935,MESGHAL,MESGHAL
2021-05-19,38500000,44150000,230020,3850000.0,4415000.0,23002.0,21052055.99,13589417.68,0.549151,0.014075,0.015626,MESGHAL,MESGHAL
2021-05-20,38500000,44150000,223000,3850000.0,4415000.0,22300.0,21052055.99,13589417.68,0.549151,0.01401,0.014929,MESGHAL,MESGHAL
2021-05-22,38500000,44550000,230650,3850000.0,4455000.0,23065.0,21052055.99,13712538.11,0.535241,0.014092,0.014959,MESGHAL,MESGHAL
2021-05-23,39000000,44840000,232790,3900000.0,4484000.0,23279.0,21325459.32,13801800.42,0.545122,0.014136,0.01485,MESGHAL,MESGHAL
2021-05-24,38000000,44720000,231240,3800000.0,4472000.0,23124.0,20778652.67,13764864.29,0.509543,0.014024,0.014815,MESGHAL,MESGHAL
2021-05-25,39000000,45260000,232150,3900000.0,4526000.0,23215.0,21325459.32,13931076.87,0.530783,0.014111,0.014756,MESGHAL,MESGHAL
2021-05-26,38500000,45380000,232390,3850000.0,4538000.0,23239.0,21052055.99,13968013.0,0.507162,0.013916,0.014729,MESGHAL,MESGHAL
2021-05-27,38500000,45380000,226470,3850000.0,4538000.0,22647.0,21052055.99,13968013.0,0.507162,0.013916,0.014618,MESGHAL,MESGHAL
2021-05-29,40000000,46870000,234660,4000000.0,4687000.0,23466.0,21872265.97,14426636.61,0.516103,0.01439,0.015022,MESGHAL,MESGHAL
2021-05-30,40000000,47680000,238570,4000000.0,4768000.0,23857.0,21872265.97,14675955.49,0.490347,0.014596,0.014757,MESGHAL,MESGHAL
2021-05-31,39500000,47460000,234060,3950000.0,4746000.0,23406.0,21598862.64,14608239.25,0.47854,0.014547,0.014703,MESGHAL,MESGHAL
2021-06-01,40500000,47540000,234160,4050000.0,4754000.0,23416.0,22145669.29,14632863.34,0.51342,0.014438,0.014704,MESGHAL,MESGHAL
2021-06-02,39000000,46740000,237430,3900000.0,4674000.0,23743.0,21325459.32,14386622.47,0.482312,0.014624,0.014795,MESGHAL,MESGHAL
2021-06-03,39000000,46740000,234330,3900000.0,4674000.0,23433.0,21325459.32,14386622.47,0.482312,0.014624,0.014737,MESGHAL,MESGHAL
2021-06-07,39000000,46530000,239410,3900000.0,4653000.0,23941.0,21325459.32,14321984.25,0.489002,0.01441,0.014745,MESGHAL,MESGHAL
2021-06-08,38300000,46800000,241410,3830000.0,4680000.0,24141.0,20942694.66,14405090.54,0.45384,0.014408,0.014705,MESGHAL,MESGHAL
2021-06-09,38000000,46510000,239170,3800000.0,4651000.0,23917.0,20778652.67,14315828.22,0.451446,0.014439,0.014105,MESGHAL,MESGHAL
2021-06-10,38000000,46510000,239230,3800000.0,4651000.0,23923.0,20778652.67,14315828.22,0.451446,0.014418,0.014075,MESGHAL,MESGHAL
2021-06-12,37500000,46630000,240990,3750000.0,4663000.0,24099.0,20505249.34,14352764.35,0.428662,0.014407,0.014079,MESGHAL,MESGHAL
2021-06-13,37200000,46340000,239740,3720000.0,4634000.0,23974.0,20341207.35,14263502.04,0.426102,0.014443,0.013896,MESGHAL,MESGHAL
2021-06-14,37500000,46460000,240450,3750000.0,4646000.0,24045.0,20505249.34,14300438.17,0.43389,0.014422,0.013873,MESGHAL,MESGHAL
2021-06-15,37100000,46800000,241810,3710000.0,4680000.0,24181.0,20286526.68,14405090.54,0.408289,0.014112,0.013781,MESGHAL,MESGHAL
2021-06-16,37500000,46220000,244320,3750000.0,4622000.0,24432.0,20505249.34,14226565.91,0.441335,0.014258,0.013705,MESGHAL,MESGHAL
2021-06-17,37500000,46220000,244290,3750000.0,4622000.0,24429.0,20505249.34,14226565.91,0.441335,0.014254,0.013612,MESGHAL,MESGHAL
2021-06-19,35500000,44550000,239490,3550000.0,4455000.0,23949.0,19411636.05,13712538.11,0.415612,0.015192,0.014098,MESGHAL,MESGHAL
2021-06-20,36500000,44850000,241070,3650000.0,4485000.0,24107.0,19958442.69,13804878.43,0.445753,0.015219,0.014121,MESGHAL,MESGHAL
2021-06-21,36600000,45150000,242590,3660000.0,4515000.0,24259.0,20013123.36,13897218.76,0.440081,0.015212,0.013118,MESGHAL,MESGHAL
2021-06-22,36000000,44960000,241790,3600000.0,4496000.0,24179.0,19685039.37,13838736.55,0.422459,0.015118,0.013082,MESGHAL,MESGHAL
2021-06-23,35500000,44740000,241890,3550000.0,4474000.0,24189.0,19411636.05,13771020.31,0.4096,0.015133,0.012952,MESGHAL,MESGHAL
2021-06-24,35500000,44740000,241890,3550000.0,4474000.0,24189.0,19411636.05,13771020.31,0.4096,0.015126,0.0129,MESGHAL,MESGHAL
2021-06-26,36400000,45850000,246740,3640000.0,4585000.0,24674.0,19903762.03,14112679.51,0.410346,0.015451,0.013173,MESGHAL,MESGHAL
2021-06-27,37000000,46110000,247080,3700000.0,4611000.0,24708.0,20231846.02,14192707.79,0.42551,0.01546,0.012974,MESGHAL,MESGHAL
2021-06-28,37500000,46150000,249660,3750000.0,4615000.0,24966.0,20505249.34,14205019.84,0.443521,0.013487,0.012969,MESGHAL,MESGHAL
2021-06-29,37350000,46510000,253990,3735000.0,4651000.0,25399.0,20423228.35,14315828.22,0.426619,0.013496,0.012898,MESGHAL,MESGHAL
2021-06-30,37200000,46270000,251530,3720000.0,4627000.0,25153.0,20341207.35,14241955.97,0.428259,0.013544,0.012907,MESGHAL,MESGHAL
2021-07-01,37200000,46270000,251510,3720000.0,4627000.0,25151.0,20341207.35,14241955.97,0.428259,0.013547,0.012862,MESGHAL,MESGHAL
2021-07-03,37500000,45900000,251500,3750000.0,4590000.0,25150.0,20505249.34,14128069.57,0.451384,0.013636,0.012891,MESGHAL,MESGHAL
2021-07-04,37000000,45860000,249590,3700000.0,4586000.0,24959.0,20231846.02,14115757.52,0.433281,0.013634,0.012673,MESGHAL,MESGHAL
2021-07-05,36500000,46260000,250990,3650000.0,4626000.0,25099.0,19958442.69,14238877.95,0.401686,0.011914,0.012595,MESGHAL,MESGHAL
2021-07-06,36400000,45930000,250870,3640000.0,4593000.0,25087.0,19903762.03,14137303.6,0.40789,0.011989,0.012594,MESGHAL,MESGHAL
2021-07-07,35900000,46137000,249652,3590000.0,4613700.0,24965.2,19630358.71,14201018.42,0.38232,0.011941,0.01258,MESGHAL,MESGHAL
2021-07-10,35800000,46080000,249990,3580000.0,4608000.0,24999.0,19575678.04,14183473.76,0.380175,0.010794,0.012581,MESGHAL,MESGHAL
2021-07-11,35750000,46020000,249800,3575000.0,4602000.0,24980.0,19548337.71,14165005.7,0.380044,0.010556,0.012484,MESGHAL,MESGHAL
2021-07-12,35500000,45650000,247490,3550000.0,4565000.0,24749.0,19411636.05,14051119.3,0.381501,0.010478,0.0125,MESGHAL,MESGHAL
2021-07-13,34500000,45490000,246110,3450000.0,4549000.0,24611.0,18864829.4,14001871.12,0.347308,0.010302,0.012409,MESGHAL,MESGHAL
2021-07-14,34700000,45910000,246990,3470000.0,4591000.0,24699.0,18974190.73,14131147.58,0.342721,0.010362,0.012401,MESGHAL,MESGHAL
2021-07-15,34700000,45910000,246990,3470000.0,4591000.0,24699.0,18974190.73,14131147.58,0.342721,0.010362,0.012372,MESGHAL,MESGHAL
2021-07-17,34850000,45520000,245440,3485000.0,4552000.0,24544.0,19056211.72,14011105.16,0.360079,0.010379,0.012402,MESGHAL,MESGHAL
2021-07-18,34750000,45380000,244670,3475000.0,4538000.0,24467.0,19001531.06,13968013.0,0.36036,0.010353,0.012405,MESGHAL,MESGHAL
2021-07-19,35000000,45780000,245300,3500000.0,4578000.0,24530.0,19138232.72,14091133.44,0.358176,0.010417,0.012386,MESGHAL,MESGHAL
2021-07-20,35000000,45780000,245190,3500000.0,4578000.0,24519.0,19138232.72,14091133.44,0.358176,0.010272,0.012362,MESGHAL,MESGHAL
2021-07-22,34950000,45640000,246280,3495000.0,4564000.0,24628.0,19110892.39,14048041.28,0.360396,0.010278,0.01224,MESGHAL,MESGHAL
2021-07-24,35000000,45970000,247790,3500000.0,4597000.0,24779.0,19138232.72,14149615.64,0.352562,0.01033,0.012265,MESGHAL,MESGHAL
2021-07-25,35500000,46580000,250560,3550000.0,4658000.0,25056.0,19411636.05,14337374.3,0.353918,0.009315,0.012125,MESGHAL,MESGHAL
2021-07-26,36500000,46630000,251720,3650000.0,4663000.0,25172.0,19958442.69,14352764.35,0.390564,0.008942,0.012125,MESGHAL,MESGHAL
2021-07-27,36800000,47470000,256140,3680000.0,4747000.0,25614.0,20122484.69,14611317.26,0.377185,0.009322,0.012221,MESGHAL,MESGHAL
2021-07-28,36800000,47470000,255990,3680000.0,4747000.0,25599.0,20122484.69,14611317.26,0.377185,0.009319,0.012159,MESGHAL,MESGHAL
2021-07-31,37500000,47510000,254890,3750000.0,4751000.0,25489.0,20505249.34,14623629.3,0.4022,0.008967,0.012131,MESGHAL,MESGHAL
2021-08-01,37200000,47390000,255190,3720000.0,4739000.0,25519.0,20341207.35,14586693.17,0.394504,0.008977,0.012135,MESGHAL,MESGHAL
2021-08-02,37400000,47620000,257330,3740000.0,4762000.0,25733.0,20450568.68,14657487.42,0.39523,0.008971,0.012004,MESGHAL,MESGHAL
2021-08-03,36500000,47570000,256240,3650000.0,4757000.0,25624.0,19958442.69,14642097.37,0.363086,0.008938,0.011993,MESGHAL,MESGHAL
2021-08-04,36620000,47610000,256280,3662000.0,4761000.0,25628.0,20024059.49,14654409.41,0.366419,0.008883,0.011988,MESGHAL,MESGHAL
2021-08-07,36000000,47080000,256790,3600000.0,4708000.0,25679.0,19685039.37,14491274.84,0.358406,0.009049,0.01204,MESGHAL,MESGHAL
2021-08-08,35900000,46930000,259170,3590000.0,4693000.0,25917.0,19630358.71,14445104.68,0.358963,0.009056,0.012036,MESGHAL,MESGHAL
2021-08-09,36100000,47230000,263190,3610000.0,4723000.0,26319.0,19739720.03,14537445.0,0.357853,0.009049,0.012052,MESGHAL,MESGHAL
2021-08-10,37500000,48150000,266160,3750000.0,4815000.0,26616.0,20505249.34,14820622.0,0.383562,0.00947,0.0122,MESGHAL,MESGHAL
2021-08-11,37625000,47900000,264320,3762500.0,4790000.0,26432.0,20573600.17,14743671.73,0.395419,0.009459,0.01202,MESGHAL,MESGHAL
2021-08-12,37625000,47900000,264290,3762500.0,4790000.0,26429.0,20573600.17,14743671.73,0.395419,0.009256,0.012021,MESGHAL,MESGHAL
2021-08-14,38000000,49330000,269070,3800000.0,4933000.0,26907.0,20778652.67,15183827.27,0.368473,0.010195,0.012394,MESGHAL,MESGHAL
2021-08-15,38000000,49760000,269130,3800000.0,4976000.0,26913.0,20778652.67,15316181.73,0.356647,0.008522,0.012358,MESGHAL,MESGHAL
2021-08-16,37850000,49560000,269090,3785000.0,4956000.0,26909.0,20696631.67,15254621.52,0.356745,0.008551,0.012371,MESGHAL,MESGHAL
2021-08-17,37850000,49560000,268990,3785000.0,4956000.0,26899.0,20696631.67,15254621.52,0.356745,0.008531,0.012347,MESGHAL,MESGHAL
2021-08-21,38500000,49990000,274580,3850000.0,4999000.0,27458.0,21052055.99,15386975.98,0.368174,0.00853,0.012292,MESGHAL,MESGHAL
2021-08-22,39000000,50810000,276660,3900000.0,5081000.0,27666.0,21325459.32,15639372.87,0.363575,0.008701,0.012385,MESGHAL,MESGHAL
2021-08-23,39500000,50890000,276490,3950000.0,5089000.0,27649.0,21598862.64,15663996.95,0.378886,0.008693,0.012377,MESGHAL,MESGHAL
2021-08-24,39430000,50740000,278490,3943000.0,5074000.0,27849.0,21560586.18,15617826.79,0.380511,0.00808,0.012333,MESGHAL,MESGHAL
2021-08-25,38500000,50770000,278990,3850000.0,5077000.0,27899.0,21052055.99,15627060.82,0.347154,0.008067,0.012332,MESGHAL,MESGHAL
2021-08-26,38500000,50770000,278990,3850000.0,5077000.0,27899.0,21052055.99,15627060.82,0.347154,0.008071,0.01112,MESGHAL,MESGHAL
2021-08-28,38620000,51250000,275990,3862000.0,5125000.0,27599.0,21117672.79,15774805.34,0.338696,0.008101,0.011139,MESGHAL,MESGHAL
2021-08-29,38500000,50020000,270690,3850000.0,5002000.0,27069.0,21052055.99,15396210.01,0.367353,0.008916,0.011481,MESGHAL,MESGHAL
2021-08-30,38900000,50420000,274280,3890000.0,5042000.0,27428.0,21270778.65,15519330.45,0.370599,0.008958,0.011495,MESGHAL,MESGHAL
2021-08-31,38500000,50040000,270350,3850000.0,5004000.0,27035.0,21052055.99,15402366.04,0.366807,0.008947,0.011539,MESGHAL,MESGHAL
2021-09-01,38850000,50270000,272790,3885000.0,5027000.0,27279.0,21243438.32,15473160.28,0.372922,0.008945,0.011536,MESGHAL,MESGHAL
2021-09-02,38850000,50270000,272910,3885000.0,5027000.0,27291.0,21243438.32,15473160.28,0.372922,0.008893,0.010513,MESGHAL,MESGHAL
2021-09-04,38500000,50630000,270670,3850000.0,5063000.0,27067.0,21052055.99,15583968.67,0.350879,0.00882,0.010527,MESGHAL,MESGHAL
2021-09-05,37000000,50560000,271120,3700000.0,5056000.0,27112.0,20231846.02,15562422.6,0.300045,0.008829,0.010503,QUARTER,QUARTER
2021-09-06,37200000,50650000,273810,3720000.0,5065000.0,27381.0,20341207.35,15590124.69,0.304749,0.008815,0.009877,QUARTER,QUARTER
2021-09-07,37500000,51200000,276810,3750000.0,5120000.0,27681.0,20505249.34,15759415.29,0.301143,0.008891,0.009782,QUARTER,QUARTER
2021-09-08,37430000,51280000,278410,3743000.0,5128000.0,27841.0,20466972.88,15784039.38,0.296688,0.008752,0.009706,QUARTER,QUARTER
2021-09-09,37430000,51280000,278270,3743000.0,5128000.0,27827.0,20466972.88,15784039.38,0.296688,0.008713,0.009587,QUARTER,QUARTER
2021-09-11,36500000,50130000,272390,3650000.0,5013000.0,27239.0,19958442.69,15430068.13,0.293477,0.009408,0.009911,QUARTER,QUARTER
2021-09-12,36000000,50130000,273130,3600000.0,5013000.0,27313.0,19685039.37,15430068.13,0.275758,0.009408,0.009911,QUARTER,QUARTER
2021-09-13,36045000,50580000,276410,3604500.0,5058000.0,27641.0,19709645.67,15568578.62,0.265989,0.009327,0.00991,QUARTER,QUARTER
2021-09-14,35680000,49950000,273170,3568000.0,4995000.0,27317.0,19510061.24,15374663.94,0.268975,0.009549,0.010002,QUARTER,QUARTER
2021-09-15,35500000,49810000,274510,3550000.0,4981000.0,27451.0,19411636.05,15331571.79,0.266122,0.009523,0.010003,QUARTER,QUARTER
2021-09-16,35500000,49810000,274460,3550000.0,4981000.0,27446.0,19411636.05,15331571.79,0.266122,0.009523,0.009937,QUARTER,QUARTER
2021-09-18,35000000,49100000,274710,3500000.0,4910000.0,27471.0,19138232.72,15113033.02,0.26634,0.009792,0.010065,QUARTER,QUARTER
2021-09-19,35080000,49100000,274430,3508000.0,4910000.0,27443.0,19181977.25,15113033.02,0.269234,0.009759,0.010065,QUARTER,QUARTER
2021-09-20,34700000,49500000,274070,3470000.0,4950000.0,27407.0,18974190.73,15236153.45,0.24534,0.00965,0.009513,QUARTER,QUARTER
2021-09-21,34700000,49500000,274030,3470000.0,4950000.0,27403.0,18974190.73,15236153.45,0.24534,0.009652,0.009349,QUARTER,QUARTER
2021-09-22,34800000,49900000,275210,3480000.0,4990000.0,27521.0,19028871.39,15359273.88,0.238917,0.009379,0.009367,QUARTER,QUARTER
2021-09-23,35000000,50100000,276810,3500000.0,5010000.0,27681.0,19138232.72,15420834.1,0.241063,0.009387,0.009373,QUARTER,QUARTER
2021-09-25,35000000,49450000,275590,3500000.0,4945000.0,27559.0,19138232.72,15220763.4,0.257377,0.009618,0.009302,QUARTER,QUARTER
2021-09-26,35090000,49640000,276810,3509000.0,4964000.0,27681.0,19187445.32,15279245.6,0.255785,0.009613,0.009307,QUARTER,QUARTER
2021-09-28,35500000,49850000,280560,3550000.0,4985000.0,28056.0,19411636.05,15343883.83,0.265106,0.009608,0.009298,QUARTER,QUARTER
2021-09-29,36000000,50160000,282430,3600000.0,5016000.0,28243.0,19685039.37,15439302.17,0.274995,0.009632,0.009301,QUARTER,QUARTER
2021-09-30,36020000,50440000,284710,3602000.0,5044000.0,28471.0,19695975.5,15525486.47,0.268622,0.009653,0.009284,QUARTER,QUARTER
2021-10-02,35870000,50330000,280460,3587000.0,5033000.0,28046.0,19613954.51,15491628.35,0.2661,0.009485,0.009289,QUARTER,QUARTER
2021-10-03,35900000,50590000,281380,3590000.0,5059000.0,28138.0,19630358.71,15571656.63,0.260647,0.009473,0.009298,QUARTER,QUARTER
2021-10-04,35900000,50590000,281360,3590000.0,5059000.0,28136.0,19630358.71,15571656.63,0.260647,0.009449,0.009268,QUARTER,QUARTER
2021-10-06,35750000,50260000,279320,3575000.0,5026000.0,27932.0,19548337.71,15470082.27,0.263622,0.009126,0.0093,QUARTER,QUARTER
2021-10-09,35450000,49370000,275136,3545000.0,4937000.0,27513.6,19384295.71,15196139.31,0.275607,0.009494,0.009477,QUARTER,QUARTER
2021-10-11,35450000,48990000,273360,3545000.0,4899000.0,27336.0,19384295.71,15079174.9,0.285501,0.009574,0.009418,QUARTER,QUARTER
2021-10-12,34730000,49440000,271670,3473000.0,4944000.0,27167.0,18990594.93,15217685.39,0.247929,0.008604,0.009459,QUARTER,QUARTER
2021-10-13,35000000,49490000,270700,3500000.0,4949000.0,27070.0,19138232.72,15233075.44,0.25636,0.008506,0.008612,QUARTER,QUARTER
2021-10-14,35000000,49490000,270870,3500000.0,4949000.0,27087.0,19138232.72,15233075.44,0.25636,0.008486,0.008592,QUARTER,QUARTER
2021-10-16,34880000,49430000,271810,3488000.0,4943000.0,27181.0,19072615.92,15214607.38,0.253573,0.008488,0.008576,QUARTER,QUARTER
2021-10-17,34700000,49210000,272530,3470000.0,4921000.0,27253.0,18974190.73,15146891.14,0.252679,0.008409,0.008577,QUARTER,QUARTER
2021-10-18,35000000,49690000,274750,3500000.0,4969000.0,27475.0,19138232.72,15294635.66,0.251304,0.008169,0.008602,QUARTER,QUARTER
2021-10-19,34900000,49490000,273060,3490000.0,4949000.0,27306.0,19083552.06,15233075.44,0.252771,0.008179,0.008619,QUARTER,QUARTER
2021-10-20,35000000,49810000,274210,3500000.0,4981000.0,27421.0,19138232.72,15331571.79,0.248289,0.008237,0.008267,QUARTER,QUARTER
2021-10-21,35000000,49810000,274150,3500000.0,4981000.0,27415.0,19138232.72,15331571.79,0.248289,0.008235,0.008252,QUARTER,QUARTER
2021-10-23,35500000,50370000,276030,3550000.0,5037000.0,27603.0,19411636.05,15503940.39,0.252045,0.008412,0.008323,QUARTER,QUARTER
2021-10-25,35500000,50440000,275610,3550000.0,5044000.0,27561.0,19411636.05,15525486.47,0.250308,0.008291,0.008292,QUARTER,QUARTER
2021-10-26,35800000,50740000,276870,3580000.0,5074000.0,27687.0,19575678.04,15617826.79,0.253419,0.00753,0.008283,QUARTER,QUARTER
2021-10-27,35600000,50790000,276670,3560000.0,5079000.0,27667.0,19466316.71,15633216.85,0.245189,0.007442,0.008282,QUARTER,QUARTER
2021-10-28,35600000,50790000,276570,3560000.0,5079000.0,27657.0,19466316.71,15633216.85,0.245189,0.007351,0.008227,QUARTER,QUARTER
2021-10-30,35860000,50630000,275760,3586000.0,5063000.0,27576.0,19608486.44,15583968.67,0.258247,0.00734,0.008237,QUARTER,QUARTER
2021-10-31,35940000,50790000,275040,3594000.0,5079000.0,27504.0,19652230.97,15633216.85,0.257082,0.007353,0.0082,QUARTER,QUARTER
2021-11-01,35850000,50640000,276030,3585000.0,5064000.0,27603.0,19603018.37,15587046.68,0.257648,0.007293,0.008166,QUARTER,QUARTER
2021-11-02,35900000,50810000,278980,3590000.0,5081000.0,27898.0,19630358.71,15639372.87,0.255188,0.007306,0.008161,QUARTER,QUARTER
2021-11-03,35800000,50620000,276570,3580000.0,5062000.0,27657.0,19575678.04,15580890.66,0.25639,0.007324,0.008173,QUARTER,QUARTER
2021-11-04,35800000,50620000,276510,3580000.0,5062000.0,27651.0,19575678.04,15580890.66,0.25639,0.007139,0.00817,QUARTER,QUARTER
2021-11-06,36620000,52040000,279880,3662000.0,5204000.0,27988.0,20024059.49,16017968.2,0.2501,0.008266,0.008587,QUARTER,QUARTER
2021-11-07,37000000,52130000,280250,3700000.0,5213000.0,28025.0,20231846.02,16045670.29,0.260891,0.008268,0.008571,QUARTER,QUARTER
2021-11-08,37100000,52660000,281060,3710000.0,5266000.0,28106.0,20286526.68,16208804.87,0.251574,0.00764,0.008581,QUARTER,QUARTER
2021-11-09,37500000,54180000,283760,3750000.0,5418000.0,28376.0,20505249.34,16676662.51,0.229578,0.008662,0.009043,QUARTER,QUARTER
2021-11-10,38500000,54730000,284240,3850000.0,5473000.0,28424.0,21052055.99,16845953.1,0.24968,0.008686,0.009017,QUARTER,QUARTER
2021-11-11,38500000,54730000,284240,3850000.0,5473000.0,28424.0,21052055.99,16845953.1,0.24968,0.008422,0.009003,QUARTER,QUARTER
2021-11-13,38300000,54990000,285240,3830000.0,5499000.0,28524.0,20942694.66,16925981.38,0.237311,0.008398,0.00898,QUARTER,QUARTER
2021-11-14,38000000,54610000,280400,3800000.0,5461000.0,28040.0,20778652.67,16809016.97,0.236161,0.0085,0.009026,QUARTER,QUARTER
2021-11-15,37700000,54360000,281480,3770000.0,5436000.0,28148.0,20614610.67,16732066.7,0.232042,0.008202,0.009037,QUARTER,QUARTER
2021-11-16,37300000,54120000,283540,3730000.0,5412000.0,28354.0,20395888.01,16658194.44,0.224376,0.008255,0.009045,QUARTER,QUARTER
2021-11-17,37000000,53800000,281400,3700000.0,5380000.0,28140.0,20231846.02,16559698.1,0.221752,0.00829,0.008999,QUARTER,QUARTER
2021-11-18,37000000,53800000,278980,3700000.0,5380000.0,27898.0,20231846.02,16559698.1,0.221752,0.00829,0.009,QUARTER,QUARTER
2021-11-20,37000000,53750000,282890,3700000.0,5375000.0,28289.0,20231846.02,16544308.04,0.222889,0.008246,0.008835,QUARTER,QUARTER
2021-11-21,37070000,54230000,284400,3707000.0,5423000.0,28440.0,20270122.48,16692052.56,0.214358,0.008309,0.008868,QUARTER,QUARTER
2021-11-22,37000000,53530000,286440,3700000.0,5353000.0,28644.0,20231846.02,16476591.8,0.227915,0.008306,0.008996,QUARTER,QUARTER
2021-11-23,38000000,54220000,291660,3800000.0,5422000.0,29166.0,20778652.67,16688974.55,0.245053,0.008461,0.009067,QUARTER,QUARTER
2021-11-24,37850000,54130000,289770,3785000.0,5413000.0,28977.0,20696631.67,16661272.45,0.2422,0.008471,0.009066,QUARTER,QUARTER
2021-11-25,37850000,54130000,288080,3785000.0,5413000.0,28808.0,20696631.67,16661272.45,0.2422,0.00845,0.009064,QUARTER,QUARTER
2021-11-27,37950000,54520000,294720,3795000.0,5452000.0,29472.0,20751312.34,16781314.87,0.236572,0.00847,0.009083,QUARTER,QUARTER
2021-11-28,38500000,54950000,294350,3850000.0,5495000.0,29435.0,21052055.99,16913669.34,0.244677,0.008496,0.009007,QUARTER,QUARTER
2021-11-29,38000000,54220000,290540,3800000.0,5422000.0,29054.0,20778652.67,16688974.55,0.245053,0.008773,0.00913,QUARTER,QUARTER
2021-11-30,38120000,54620000,291900,3812000.0,5462000.0,29190.0,20844269.47,16812094.98,0.239838,0.008811,0.009136,QUARTER,QUARTER
2021-12-01,38000000,54530000,293390,3800000.0,5453000.0,29339.0,20778652.67,16784392.88,0.237975,0.008738,0.008944,QUARTER,QUARTER
2021-12-04,39050000,56460000,303380,3905000.0,5646000.0,30338.0,21352799.65,17378448.97,0.228694,0.009564,0.009599,QUARTER,QUARTER
2021-12-05,39500000,57190000,309710,3950000.0,5719000.0,30971.0,21598862.64,17603143.76,0.226989,0.009533,0.009666,QUARTER,QUARTER
2021-12-06,39360000,57040000,306930,3936000.0,5704000.0,30693.0,21522309.71,17556973.6,0.225855,0.009535,0.009216,QUARTER,QUARTER
2021-12-07,39200000,56690000,307010,3920000.0,5669000.0,30701.0,21434820.65,17449243.22,0.22841,0.009629,0.009221,QUARTER,QUARTER
2021-12-08,38850000,56600000,307060,3885000.0,5660000.0,30706.0,21243438.32,17421541.12,0.219378,0.009644,0.009208,QUARTER,QUARTER
2021-12-11,38500000,56000000,301600,3850000.0,5600000.0,30160.0,21052055.99,17236860.47,0.221339,0.009833,0.009295,QUARTER,QUARTER
2021-12-12,38000000,55760000,297720,3800000.0,5576000.0,29772.0,20778652.67,17162988.21,0.210666,0.00983,0.009281,QUARTER,QUARTER
2021-12-13,38300000,56290000,302220,3830000.0,5629000.0,30222.0,20942694.66,17326122.79,0.208735,0.009826,0.009184,QUARTER,QUARTER
2021-12-14,38700000,55980000,301340,3870000.0,5598000.0,30134.0,21161417.32,17230704.45,0.228123,0.009852,0.00921,QUARTER,QUARTER
2021-12-15,38810000,56220000,299500,3881000.0,5622000.0,29950.0,21221566.05,17304576.71,0.226356,0.009839,0.009206,QUARTER,QUARTER
2021-12-18,37500000,55500000,299100,3750000.0,5550000.0,29910.0,20505249.34,17082959.93,0.200334,0.010096,0.009322,QUARTER,QUARTER
2021-12-19,37500000,55670000,300710,3750000.0,5567000.0,30071.0,20505249.34,17135286.12,0.196668,0.010009,0.009324,QUARTER,QUARTER
2021-12-20,37850000,56190000,301780,3785000.0,5619000.0,30178.0,20696631.67,17295342.68,0.196659,0.010062,0.009323,QUARTER,QUARTER
2021-12-21,38000000,56380000,300770,3800000.0,5638000.0,30077.0,20778652.67,17353824.88,0.197353,0.010049,0.008939,QUARTER,QUARTER
2021-12-22,38300000,56400000,300131,3830000.0,5640000.0,30013.1,20942694.66,17359980.9,0.206378,0.010052,0.008911,QUARTER,QUARTER
2021-12-25,38500000,56220000,299370,3850000.0,5622000.0,29937.0,21052055.99,17304576.71,0.21656,0.01008,0.008875,QUARTER,QUARTER
2021-12-26,38510000,56090000,298570,3851000.0,5609000.0,29857.0,21057524.06,17264562.57,0.219696,0.01007,0.008877,QUARTER,QUARTER
2021-12-27,38200000,55700000,295210,3820000.0,5570000.0,29521.0,20888014.0,17144520.15,0.218349,0.010162,0.008917,QUARTER,QUARTER
2021-12-28,38000000,55810000,296590,3800000.0,5581000.0,29659.0,20778652.67,17178378.27,0.209582,0.010133,0.008895,QUARTER,QUARTER
2021-12-29,38070000,56190000,298180,3807000.0,5619000.0,29818.0,20816929.13,17295342.68,0.203615,0.010155,0.008911,QUARTER,QUARTER
2022-01-01,38400000,56080000,295480,3840000.0,5608000.0,29548.0,20997375.33,17261484.56,0.216429,0.010134,0.008917,QUARTER,QUARTER
2022-01-02,38330000,55490000,292650,3833000.0,5549000.0,29265.0,20959098.86,17079881.92,0.227122,0.010305,0.008941,QUARTER,QUARTER
2022-01-03,37500000,54860000,290320,3750000.0,5486000.0,29032.0,20505249.34,16885967.24,0.214337,0.00972,0.009032,QUARTER,QUARTER
2022-01-04,37300000,54810000,283735,3730000.0,5481000.0,28373.5,20395888.01,16870577.19,0.208962,0.009725,0.009034,QUARTER,QUARTER
2022-01-08,36000000,50870000,273750,3600000.0,5087000.0,27375.0,19685039.37,15657840.93,0.2572,0.014423,0.011576,QUARTER,QUARTER
2022-01-09,35500000,51920000,278820,3550000.0,5192000.0,27882.0,19411636.05,15981032.07,0.214667,0.014096,0.011772,QUARTER,QUARTER
2022-01-10,36200000,53070000,280380,3620000.0,5307000.0,28038.0,19794400.7,16335003.31,0.211778,0.014411,0.011957,QUARTER,QUARTER
2022-01-11,36500000,52480000,277090,3650000.0,5248000.0,27709.0,19958442.69,16153400.67,0.235557,0.014494,0.011942,QUARTER,QUARTER
2022-01-12,37700000,53110000,279600,3770000.0,5311000.0,27960.0,20614610.67,16347315.35,0.26104,0.014595,0.011995,QUARTER,QUARTER
2022-01-15,37350000,51910000,275080,3735000.0,5191000.0,27508.0,20423228.35,15977954.06,0.278213,0.014924,0.012243,QUARTER,QUARTER
2022-01-16,37000000,51350000,273030,3700000.0,5135000.0,27303.0,20231846.02,15805585.45,0.280044,0.014985,0.012202,QUARTER,QUARTER
2022-01-17,36800000,51680000,273430,3680000.0,5168000.0,27343.0,20122484.69,15907159.81,0.264995,0.015018,0.012217,QUARTER,QUARTER
2022-01-18,37800000,52370000,274740,3780000.0,5237000.0,27474.0,20669291.34,16119542.55,0.28225,0.015143,0.012264,QUARTER,QUARTER
2022-01-19,38150000,52750000,275140,3815000.0,5275000.0,27514.0,20860673.67,16236506.96,0.284801,0.015186,0.012283,QUARTER,QUARTER
2022-01-20,38150000,52750000,275250,3815000.0,5275000.0,27525.0,20860673.67,16236506.96,0.284801,0.015186,0.012259,QUARTER,QUARTER
2022-01-22,38500000,53500000,277690,3850000.0,5350000.0,27769.0,21052055.99,16467357.77,0.278411,0.015277,0.012336,QUARTER,QUARTER
2022-01-23,38900000,53800000,279650,3890000.0,5380000.0,27965.0,21270778.65,16559698.1,0.284491,0.015177,0.012259,QUARTER,QUARTER
2022-01-24,38000000,53670000,277790,3800000.0,5367000.0,27779.0,20778652.67,16519683.96,0.257812,0.015061,0.012261,QUARTER,QUARTER
2022-01-25,38500000,53670000,278580,3850000.0,5367000.0,27858.0,21052055.99,16519683.96,0.274362,0.015059,0.012256,QUARTER,QUARTER
2022-01-26,38000000,53350000,277900,3800000.0,5335000.0,27790.0,20778652.67,16421187.61,0.265356,0.015084,0.012264,QUARTER,QUARTER
2022-01-27,38000000,53350000,277710,3800000.0,5335000.0,27771.0,20778652.67,16421187.61,0.265356,0.015043,0.012254,QUARTER,QUARTER
2022-01-29,38100000,53210000,278820,3810000.0,5321000.0,27882.0,20833333.33,16378095.46,0.272024,0.014994,0.012255,QUARTER,QUARTER
2022-01-30,37700000,52670000,276910,3770000.0,5267000.0,27691.0,20614610.67,16211882.88,0.271574,0.014942,0.012298,QUARTER,QUARTER
2022-01-31,37700000,52760000,274600,3770000.0,5276000.0,27460.0,20614610.67,16239584.97,0.269405,0.014899,0.012298,QUARTER,QUARTER
2022-02-01,37600000,52380000,272540,3760000.0,5238000.0,27254.0,20559930.01,16122620.56,0.275223,0.01493,0.012303,QUARTER,QUARTER
2022-02-02,37700000,52450000,272810,3770000.0,5245000.0,27281.0,20614610.67,16144166.64,0.276908,0.013905,0.01215,QUARTER,QUARTER
2022-02-03,37700000,52450000,272650,3770000.0,5245000.0,27265.0,20614610.67,16144166.64,0.276908,0.013736,0.012117,QUARTER,QUARTER
2022-02-05,37500000,51300000,267600,3750000.0,5130000.0,26760.0,20505249.34,15790195.4,0.298606,0.014052,0.012316,QUARTER,QUARTER
2022-02-06,37300000,51050000,264600,3730000.0,5105000.0,26460.0,20395888.01,15713245.13,0.298006,0.014045,0.012329,QUARTER,QUARTER
2022-02-07,36200000,50050000,260520,3620000.0,5005000.0,26052.0,19794400.7,15405444.05,0.284896,0.014276,0.012506,QUARTER,QUARTER
2022-02-08,36300000,50490000,262240,3630000.0,5049000.0,26224.0,19849081.36,15540876.52,0.277218,0.014321,0.012537,QUARTER,QUARTER
2022-02-09,36200000,50440000,262320,3620000.0,5044000.0,26232.0,19794400.7,15525486.47,0.274962,0.014319,0.012528,QUARTER,QUARTER
2022-02-10,36200000,50440000,262270,3620000.0,5044000.0,26227.0,19794400.7,15525486.47,0.274962,0.014215,0.012488,QUARTER,QUARTER
2022-02-12,38500000,52720000,268670,3850000.0,5272000.0,26867.0,21052055.99,16227272.93,0.297326,0.015836,0.013338,QUARTER,QUARTER
2022-02-13,37900000,52285000,269153,3790000.0,5228500.0,26915.3,20723972.0,16093379.46,0.287733,0.015848,0.013358,QUARTER,QUARTER
2022-02-16,37350000,51743000,262430,3735000.0,5174300.0,26243.0,20423228.35,15926551.28,0.282338,0.015813,0.013408,QUARTER,QUARTER
2022-02-19,36650000,50830000,254170,3665000.0,5083000.0,25417.0,20040463.69,15645528.89,0.280907,0.015976,0.013492,QUARTER,QUARTER
2022-02-20,36780000,50900000,257920,3678000.0,5090000.0,25792.0,20111548.56,15667074.96,0.283682,0.015895,0.013492,QUARTER,QUARTER
2022-02-21,37200000,51500000,260570,3720000.0,5150000.0,26057.0,20341207.35,15851755.61,0.283215,0.016006,0.013534,QUARTER,QUARTER
2022-02-22,37300000,51520000,259490,3730000.0,5152000.0,25949.0,20395888.01,15857911.63,0.286165,0.016007,0.013534,QUARTER,QUARTER
2022-02-23,38800000,53280000,261550,3880000.0,5328000.0,26155.0,21216097.99,16399641.53,0.293693,0.016863,0.013993,QUARTER,QUARTER
2022-02-24,38800000,53280000,261440,3880000.0,5328000.0,26144.0,21216097.99,16399641.53,0.293693,0.016862,0.013987,QUARTER,QUARTER
2022-02-26,38200000,52090000,259850,3820000.0,5209000.0,25985.0,20888014.0,16033358.25,0.302785,0.017133,0.01419,QUARTER,QUARTER
2022-02-27,38500000,52120000,259790,3850000.0,5212000.0,25979.0,21052055.99,16042592.28,0.31226,0.017128,0.014186,QUARTER,QUARTER
2022-02-28,38500000,52120000,259650,3850000.0,5212000.0,25965.0,21052055.99,16042592.28,0.31226,0.017085,0.014183,QUARTER,QUARTER
2022-03-02,38700000,52030000,256070,3870000.0,5203000.0,25607.0,21161417.32,16014890.19,0.321359,0.017085,0.014178,QUARTER,QUARTER
2022-03-03,38700000,52030000,256150,3870000.0,5203000.0,25615.0,21161417.32,16014890.19,0.321359,0.017032,0.014178,QUARTER,QUARTER
2022-03-05,38000000,51860000,254400,3800000.0,5186000.0,25440.0,20778652.67,15962564.0,0.301711,0.016968,0.013876,QUARTER,QUARTER
2022-03-06,39000000,52370000,258110,3900000.0,5237000.0,25811.0,21325459.32,16119542.55,0.322957,0.017044,0.013913,QUARTER,QUARTER
2022-03-07,40500000,54050000,260380,4050000.0,5405000.0,26038.0,22145669.29,16636648.37,0.331138,0.014043,0.014273,QUARTER,QUARTER
2022-03-08,40500000,53030000,257590,4050000.0,5303000.0,25759.0,22145669.29,16322691.26,0.356741,0.01405,0.014091,QUARTER,QUARTER
2022-03-09,40400000,52820000,256810,4040000.0,5282000.0,25681.0,22090988.63,16258053.04,0.358772,0.013682,0.014054,QUARTER,QUARTER
2022-03-10,40400000,52820000,256960,4040000.0,5282000.0,25696.0,22090988.63,16258053.04,0.358772,0.013579,0.014054,QUARTER,QUARTER
2022-03-12,41300000,53690000,264360,4130000.0,5369000.0,26436.0,22583114.61,16525839.98,0.366534,0.01368,0.014154,QUARTER,QUARTER
2022-03-13,41500000,53290000,262760,4150000.0,5329000.0,26276.0,22692475.94,16402719.55,0.383458,0.013293,0.014157,QUARTER,QUARTER
2022-03-14,42000000,53030000,263680,4200000.0,5303000.0,26368.0,22965879.27,16322691.26,0.406991,0.013208,0.014158,QUARTER,QUARTER
2022-03-15,41700000,52710000,263770,4170000.0,5271000.0,26377.0,22801837.27,16224194.92,0.405422,0.013218,0.014165,QUARTER,QUARTER
2022-03-16,41300000,53300000,262240,4130000.0,5330000.0,26224.0,22583114.61,16405797.56,0.376533,0.013175,0.014201,QUARTER,QUARTER
2022-03-17,41300000,53300000,262300,4130000.0,5330000.0,26230.0,22583114.61,16405797.56,0.376533,0.013135,0.014201,QUARTER,QUARTER
2022-03-18,41370000,53410000,262520,4137000.0,5341000.0,26252.0,22621391.08,16439655.68,0.376026,0.013138,0.014203,QUARTER,QUARTER
2022-03-26,41420000,53970000,262740,4142000.0,5397000.0,26274.0,22648731.41,16612024.28,0.363394,0.013062,0.014214,QUARTER,QUARTER
2022-03-27,41500000,53980000,266450,4150000.0,5398000.0,26645.0,22692475.94,16615102.29,0.365774,0.013037,0.014148,QUARTER,QUARTER
2022-03-28,41430000,54180000,270430,4143000.0,5418000.0,27043.0,22654199.48,16676662.51,0.358437,0.013041,0.014089,QUARTER,QUARTER
2022-03-29,41500000,54460000,270500,4150000.0,5446000.0,27050.0,22692475.94,16762846.81,0.353736,0.013061,0.014098,QUARTER,QUARTER
2022-03-30,41550000,54480000,271260,4155000.0,5448000.0,27126.0,22719816.27,16769002.83,0.35487,0.013026,0.014098,QUARTER,QUARTER
2022-03-31,41550000,54480000,271140,4155000.0,5448000.0,27114.0,22719816.27,16769002.83,0.35487,0.013026,0.014078,QUARTER,QUARTER
2022-04-03,41500000,55250000,271950,4150000.0,5525000.0,27195.0,22692475.94,17006009.66,0.33438,0.013168,0.014131,QUARTER,QUARTER
2022-04-04,41800000,56090000,277170,4180000.0,5609000.0,27717.0,22856517.94,17264562.57,0.323898,0.013225,0.014146,QUARTER,QUARTER
2022-04-05,41500000,55420000,273940,4150000.0,5542000.0,27394.0,22692475.94,17058335.85,0.330287,0.013372,0.014186,QUARTER,QUARTER
2022-04-06,41520000,55780000,276030,4152000.0,5578000.0,27603.0,22703412.07,17169144.23,0.322338,0.013334,0.014199,QUARTER,QUARTER
2022-04-07,41520000,55780000,274830,4152000.0,5578000.0,27483.0,22703412.07,17169144.23,0.322338,0.013335,0.013705,QUARTER,QUARTER
2022-04-09,42520000,57270000,279950,4252000.0,5727000.0,27995.0,23250218.72,17627767.84,0.318954,0.013842,0.013924,QUARTER,QUARTER
2022-04-10,43020000,57140000,280580,4302000.0,5714000.0,28058.0,23523622.05,17587753.7,0.3375,0.013381,0.013924,QUARTER,QUARTER
2022-04-11,43600000,57370000,281130,4360000.0,5737000.0,28113.0,23840769.9,17658547.95,0.350098,0.013337,0.013914,QUARTER,QUARTER
2022-04-12,43020000,56910000,278170,4302000.0,5691000.0,27817.0,23523622.05,17516959.45,0.342906,0.013012,0.013939,QUARTER,QUARTER
2022-04-13,42850000,56630000,277910,4285000.0,5663000.0,27791.0,23430664.92,17430775.15,0.344212,0.013032,0.013903,QUARTER,QUARTER
2022-04-14,42850000,56630000,277910,4285000.0,5663000.0,27791.0,23430664.92,17430775.15,0.344212,0.013027,0.013895,QUARTER,QUARTER
2022-04-16,42720000,57050000,279170,4272000.0,5705000.0,27917.0,23359580.05,17560051.61,0.330268,0.013039,0.013881,QUARTER,QUARTER
2022-04-17,43020000,56910000,276690,4302000.0,5691000.0,27669.0,23523622.05,17516959.45,0.342906,0.011385,0.013871,QUARTER,QUARTER
2022-04-18,42520000,56240000,275810,4252000.0,5624000.0,27581.0,23250218.72,17310732.73,0.34311,0.011465,0.013922,QUARTER,QUARTER
2022-04-19,42440000,56650000,277460,4244000.0,5665000.0,27746.0,23206474.19,17436931.17,0.330881,0.011347,0.013874,QUARTER,QUARTER
2022-04-20,42520000,55953000,278620,4252000.0,5595300.0,27862.0,23250218.72,17222393.82,0.349999,0.011167,0.013934,QUARTER,QUARTER
2022-04-24,42520000,55360000,278420,4252000.0,5536000.0,27842.0,23250218.72,17039867.78,0.36446,0.011325,0.013944,QUARTER,QUARTER
2022-04-25,42020000,55700000,279220,4202000.0,5570000.0,27922.0,22976815.4,17144520.15,0.340184,0.011246,0.013955,QUARTER,QUARTER
2022-04-26,41960000,55970000,280920,4196000.0,5597000.0,28092.0,22944007.0,17227626.44,0.331815,0.011253,0.013964,QUARTER,QUARTER
2022-04-27,42020000,56090000,281530,4202000.0,5609000.0,28153.0,22976815.4,17264562.57,0.330866,0.010149,0.013962,QUARTER,QUARTER
2022-04-28,42020000,56090000,279800,4202000.0,5609000.0,27980.0,22976815.4,17264562.57,0.330866,0.010149,0.013959,QUARTER,QUARTER
2022-04-30,43080000,56190000,281580,4308000.0,5619000.0,28158.0,23556430.45,17295342.68,0.36201,0.009509,0.01394,QUARTER,QUARTER
2022-05-01,43020000,55990000,282540,4302000.0,5599000.0,28254.0,23523622.05,17233782.46,0.364972,0.009539,0.013945,QUARTER,QUARTER
2022-05-02,43020000,55990000,280210,4302000.0,5599000.0,28021.0,23523622.05,17233782.46,0.364972,0.009539,0.013927,QUARTER,QUARTER
2022-05-07,43520000,56800000,283650,4352000.0,5680000.0,28365.0,23797025.37,17483101.34,0.361144,0.00971,0.014006,QUARTER,QUARTER
2022-05-08,44020000,56730000,285460,4402000.0,5673000.0,28546.0,24070428.7,17461555.26,0.378481,0.009717,0.013961,QUARTER,QUARTER
2022-05-09,46217000,58032000,275432,4621700.0,5803200.0,27543.2,25271762.9,17862312.27,0.414809,0.010161,0.014104,QUARTER,QUARTER
2022-05-11,46220000,58190000,255800,4622000.0,5819000.0,25580.0,25273403.32,17910944.84,0.411059,0.010102,0.014104,QUARTER,QUARTER
2022-05-12,49020000,60460000,255900,4902000.0,6046000.0,25590.0,26804461.94,18609653.29,0.440353,0.010594,0.012451,QUARTER,QUARTER
2022-05-14,48520000,59860000,305670,4852000.0,5986000.0,30567.0,26531058.62,18424972.64,0.439951,0.010269,0.012354,QUARTER,QUARTER
2022-05-15,49020000,59550000,305340,4902000.0,5955000.0,30534.0,26804461.94,18329554.31,0.462363,0.010288,0.012181,QUARTER,QUARTER
2022-05-16,48720000,58880000,302320,4872000.0,5888000.0,30232.0,26640419.95,18123327.58,0.469952,0.010486,0.012183,QUARTER,QUARTER
2022-05-17,48520000,58480000,301120,4852000.0,5848000.0,30112.0,26531058.62,18000207.15,0.473931,0.010356,0.01216,QUARTER,QUARTER
2022-05-18,48520000,58740000,299560,4852000.0,5874000.0,29956.0,26531058.62,18080235.43,0.467407,0.010264,0.011901,QUARTER,QUARTER
2022-05-21,49520000,59730000,303230,4952000.0,5973000.0,30323.0,27077865.27,18384958.5,0.472827,0.010429,0.011938,QUARTER,QUARTER
2022-05-22,49450000,59690000,302440,4945000.0,5969000.0,30244.0,27039588.8,18372646.46,0.471731,0.010359,0.01193,QUARTER,QUARTER
2022-05-23,50020000,59760000,301870,5002000.0,5976000.0,30187.0,27351268.59,18394192.53,0.486951,0.010284,0.011866,QUARTER,QUARTER
2022-05-24,49820000,59780000,301240,4982000.0,5978000.0,30124.0,27241907.26,18400348.55,0.48051,0.010282,0.011851,QUARTER,QUARTER
2022-05-25,50581000,60199000,303677,5058100.0,6019900.0,30367.7,27658027.12,18529317.21,0.492663,0.010302,0.011864,QUARTER,QUARTER
2022-05-28,51720000,60850000,305660,5172000.0,6085000.0,30566.0,28280839.9,18729695.71,0.509947,0.010308,0.011829,QUARTER,QUARTER
2022-05-29,53500000,61600000,308360,5350000.0,6160000.0,30836.0,29254155.73,18960546.52,0.542896,0.010396,0.011876,QUARTER,QUARTER
2022-05-30,54500000,61860000,310030,5450000.0,6186000.0,31003.0,29800962.38,19040574.8,0.565129,0.010397,0.011871,QUARTER,QUARTER
2022-05-31,55500000,62660000,315180,5550000.0,6266000.0,31518.0,30347769.03,19286815.66,0.573498,0.010496,0.011928,QUARTER,QUARTER
2022-06-01,56000000,61930000,312934,5600000.0,6193000.0,31293.4,30621172.35,19062120.88,0.606389,0.010714,0.011984,MESGHAL,MESGHAL
2022-06-06,55000000,62590000,317910,5500000.0,6259000.0,31791.0,30074365.7,19265269.59,0.561066,0.010765,0.012019,MESGHAL,MESGHAL
2022-06-07,55200000,62650000,317030,5520000.0,6265000.0,31703.0,30183727.03,19283737.65,0.565243,0.010641,0.01201,MESGHAL,MESGHAL
2022-06-08,55230000,64400000,321300,5523000.0,6440000.0,32130.0,30200131.23,19822389.54,0.523536,0.011123,0.012247,MESGHAL,MESGHAL
2022-06-11,63000000,65400000,329400,6300000.0,6540000.0,32940.0,34448818.9,20130190.62,0.711301,0.011033,0.012325,MESGHAL,MESGHAL
2022-06-12,60500000,63760000,326640,6050000.0,6376000.0,32664.0,33081802.27,19625396.85,0.685663,0.011812,0.01262,MESGHAL,MESGHAL
2022-06-13,58800000,62520000,321360,5880000.0,6252000.0,32136.0,32152230.97,19243723.51,0.670791,0.012262,0.012823,MESGHAL,MESGHAL
2022-06-14,57200000,61880000,315680,5720000.0,6188000.0,31568.0,31277340.33,19046730.82,0.642137,0.011851,0.012886,MESGHAL,MESGHAL
2022-06-15,56500000,61280000,317768,5650000.0,6128000.0,31776.8,30894575.68,18862050.17,0.637922,0.011958,0.012697,MESGHAL,MESGHAL
2022-06-18,55000000,61880000,316800,5500000.0,6188000.0,31680.0,30074365.7,19046730.82,0.578978,0.012014,0.012701,MESGHAL,MESGHAL
2022-06-19,54800000,62000000,317100,5480000.0,6200000.0,31710.0,29965004.37,19083666.95,0.570191,0.011923,0.012489,MESGHAL,MESGHAL
2022-06-20,54500000,62360000,316850,5450000.0,6236000.0,31685.0,29800962.38,19194475.34,0.55258,0.01189,0.012476,MESGHAL,MESGHAL
2022-06-21,55000000,62570000,319780,5500000.0,6257000.0,31978.0,30074365.7,19259113.57,0.561565,0.011887,0.012471,MESGHAL,MESGHAL
2022-06-22,54860000,62600000,317277,5486000.0,6260000.0,31727.7,29997812.77,19268347.6,0.556844,0.011864,0.01247,MESGHAL,MESGHAL
2022-06-25,52500000,60360000,313420,5250000.0,6036000.0,31342.0,28707349.08,18578873.18,0.545161,0.013103,0.012275,MESGHAL,MESGHAL
2022-06-26,50000000,58680000,305120,5000000.0,5868000.0,30512.0,27340332.46,18061767.37,0.513713,0.013663,0.012616,MESGHAL,MESGHAL
2022-06-27,49500000,58840000,307260,4950000.0,5884000.0,30726.0,27066929.13,18111015.54,0.494501,0.013634,0.012556,MESGHAL,MESGHAL
2022-06-28,49800000,59950000,311750,4980000.0,5995000.0,31175.0,27230971.13,18452674.74,0.475719,0.013735,0.01252,MESGHAL,MESGHAL
2022-06-29,54000000,62180000,321439,5400000.0,6218000.0,32143.9,29527559.06,19139071.15,0.54279,0.014571,0.013055,MESGHAL,MESGHAL
2022-07-02,53500000,61660000,321890,5350000.0,6166000.0,32189.0,29254155.73,18979014.58,0.541395,0.014651,0.013063,MESGHAL,MESGHAL
2022-07-03,52580000,61630000,318200,5258000.0,6163000.0,31820.0,28751093.61,18969780.55,0.515626,0.014652,0.013065,MESGHAL,MESGHAL
2022-07-04,52500000,59090000,314150,5250000.0,5909000.0,31415.0,28707349.08,18187965.81,0.578371,0.015992,0.013393,MESGHAL,MESGHAL
2022-07-05,52500000,59410000,315330,5250000.0,5941000.0,31533.0,28707349.08,18286462.15,0.569869,0.016002,0.013399,MESGHAL,MESGHAL
2022-07-06,52200000,59850000,314038,5220000.0,5985000.0,31403.8,28543307.09,18421894.63,0.549423,0.016026,0.013177,MESGHAL,MESGHAL
2022-07-11,52500000,59820000,316080,5250000.0,5982000.0,31608.0,28707349.08,18412660.6,0.559109,0.016011,0.013179,MESGHAL,MESGHAL
2022-07-12,52430000,60640000,316030,5243000.0,6064000.0,31603.0,28669072.62,18665057.48,0.535976,0.016108,0.013238,MESGHAL,MESGHAL
2022-07-13,52500000,59820000,322036,5250000.0,5982000.0,32203.6,28707349.08,18412660.6,0.559109,0.016151,0.01333,MESGHAL,MESGHAL
2022-07-16,52200000,59170000,318885,5220000.0,5917000.0,31888.5,28543307.09,18212589.9,0.567229,0.016247,0.013394,MESGHAL,MESGHAL
2022-07-19,51500000,58460000,318000,5150000.0,5846000.0,31800.0,28160542.43,17994051.13,0.564992,0.016016,0.013459,MESGHAL,MESGHAL
2022-07-20,51000000,58530000,318830,5100000.0,5853000.0,31883.0,27887139.11,18015597.2,0.547944,0.016012,0.01343,MESGHAL,MESGHAL
2022-07-23,52500000,58370000,320470,5250000.0,5837000.0,32047.0,28707349.08,17966349.03,0.59784,0.014912,0.013034,MESGHAL,MESGHAL
2022-07-24,51500000,58290000,318480,5150000.0,5829000.0,31848.0,28160542.43,17941724.94,0.569556,0.014847,0.012866,MESGHAL,MESGHAL
2022-07-25,52200000,58700000,319630,5220000.0,5870000.0,31963.0,28543307.09,18067923.39,0.579778,0.01487,0.01287,MESGHAL,MESGHAL
2022-07-26,52300000,58570000,320050,5230000.0,5857000.0,32005.0,28597987.75,18027909.25,0.586317,0.01478,0.012874,MESGHAL,MESGHAL
2022-07-27,52200000,59060000,319239,5220000.0,5906000.0,31923.9,28543307.09,18178731.78,0.570148,0.014795,0.012795,MESGHAL,MESGHAL
2022-07-30,52300000,59250000,317760,5230000.0,5925000.0,31776.0,28597987.75,18237213.98,0.568112,0.014788,0.012765,MESGHAL,MESGHAL
2022-07-31,52000000,58840000,317030,5200000.0,5884000.0,31703.0,28433945.76,18111015.54,0.569981,0.014611,0.012777,MESGHAL,MESGHAL
2022-08-01,52000000,59170000,316490,5200000.0,5917000.0,31649.0,28433945.76,18212589.9,0.561225,0.014636,0.012762,MESGHAL,MESGHAL
2022-08-02,51800000,58690000,311750,5180000.0,5869000.0,31175.0,28324584.43,18064845.38,0.567939,0.014682,0.012757,MESGHAL,MESGHAL
2022-08-03,51900000,59480000,315154,5190000.0,5948000.0,31515.4,28379265.09,18308008.23,0.550101,0.014821,0.012822,MESGHAL,MESGHAL
2022-08-09,51800000,59050000,311580,5180000.0,5905000.0,31158.0,28324584.43,18175653.77,0.558381,0.01482,0.012852,MESGHAL,MESGHAL
2022-08-10,51500000,59450000,310026,5150000.0,5945000.0,31002.6,28160542.43,18298774.2,0.538931,0.014765,0.012829,MESGHAL,MESGHAL
2022-08-13,49500000,57520000,303110,4950000.0,5752000.0,30311.0,27066929.13,17704718.11,0.528798,0.01537,0.013304,MESGHAL,MESGHAL
2022-08-14,48000000,56380000,302030,4800000.0,5638000.0,30203.0,26246719.16,17353824.88,0.512446,0.015582,0.013474,MESGHAL,MESGHAL
2022-08-15,49000000,56420000,302380,4900000.0,5642000.0,30238.0,26793525.81,17366136.93,0.54286,0.015426,0.013465,MESGHAL,MESGHAL
2022-08-16,47500000,55590000,297730,4750000.0,5559000.0,29773.0,25973315.84,17110662.03,0.517961,0.015474,0.013559,MESGHAL,MESGHAL
2022-08-17,47650000,55230000,289976,4765000.0,5523000.0,28997.6,26055336.83,16999853.64,0.53268,0.015361,0.013578,MESGHAL,MESGHAL
2022-08-20,45500000,53480000,290510,4550000.0,5348000.0,29051.0,24879702.54,16461201.75,0.511415,0.015934,0.013902,MESGHAL,MESGHAL
2022-08-21,48000000,53470000,293440,4800000.0,5347000.0,29344.0,26246719.16,16458123.74,0.594758,0.015229,0.013805,MESGHAL,MESGHAL
2022-08-22,48000000,54190000,293350,4800000.0,5419000.0,29335.0,26246719.16,16679740.52,0.573569,0.015173,0.013827,MESGHAL,MESGHAL
2022-08-23,47500000,54140000,290870,4750000.0,5414000.0,29087.0,25973315.84,16664350.46,0.558616,0.014844,0.013809,MESGHAL,MESGHAL
2022-08-24,49000000,55640000,297751,4900000.0,5564000.0,29775.1,26793525.81,17126052.08,0.564489,0.015338,0.014116,MESGHAL,MESGHAL
2022-08-27,50000000,54390000,295740,5000000.0,5439000.0,29574.0,27340332.46,16741300.73,0.633107,0.01558,0.014026,MESGHAL,MESGHAL
2022-08-28,50000000,54800000,297120,5000000.0,5480000.0,29712.0,27340332.46,16867499.18,0.620888,0.015616,0.01405,MESGHAL,MESGHAL
2022-08-29,49500000,54820000,298580,4950000.0,5482000.0,29858.0,27066929.13,16873655.2,0.604094,0.015515,0.014042,MESGHAL,MESGHAL
2022-08-30,50000000,54930000,299530,5000000.0,5493000.0,29953.0,27340332.46,16907513.32,0.617052,0.015515,0.014021,MESGHAL,MESGHAL
2022-08-31,49500000,54430000,299030,4950000.0,5443000.0,29903.0,27066929.13,16753612.78,0.615588,0.015492,0.014043,MESGHAL,MESGHAL
2022-09-01,49500000,54430000,298470,4950000.0,5443000.0,29847.0,27066929.13,16753612.78,0.615588,0.01547,0.014043,MESGHAL,MESGHAL
2022-09-03,50000000,55600000,302640,5000000.0,5560000.0,30264.0,27340332.46,17113740.04,0.597566,0.015878,0.014206,MESGHAL,MESGHAL
2022-09-04,50200000,55330000,302260,5020000.0,5533000.0,30226.0,27449693.79,17030633.75,0.611783,0.015072,0.014213,MESGHAL,MESGHAL
2022-09-05,50300000,55290000,302420,5030000.0,5529000.0,30242.0,27504374.45,17018321.71,0.616163,0.014553,0.01416,MESGHAL,MESGHAL
2022-09-06,50000000,55300000,302150,5000000.0,5530000.0,30215.0,27340332.46,17021399.72,0.606233,0.014543,0.014139,MESGHAL,MESGHAL
2022-09-07,49800000,55580000,302380,4980000.0,5558000.0,30238.0,27230971.13,17107584.02,0.591748,0.014257,0.01409,MESGHAL,MESGHAL
2022-09-08,49800000,55580000,302410,4980000.0,5558000.0,30241.0,27230971.13,17107584.02,0.591748,0.013009,0.014045,MESGHAL,MESGHAL
2022-09-10,50300000,56840000,309100,5030000.0,5684000.0,30910.0,27504374.45,17495413.38,0.572091,0.013489,0.014229,MESGHAL,MESGHAL
2022-09-11,52500000,57390000,309760,5250000.0,5739000.0,30976.0,28707349.08,17664703.97,0.625125,0.013592,0.014255,MESGHAL,MESGHAL
2022-09-12,53000000,57940000,317060,5300000.0,5794000.0,31706.0,28980752.41,17833994.57,0.625029,0.012293,0.014287,MESGHAL,MESGHAL
2022-09-13,52500000,57380000,313750,5250000.0,5738000.0,31375.0,28707349.08,17661625.96,0.625408,0.012337,0.014326,MESGHAL,MESGHAL
2022-09-14,51500000,57340000,315540,5150000.0,5734000.0,31554.0,28160542.43,17649313.92,0.59556,0.012276,0.014326,MESGHAL,MESGHAL
2022-09-15,51500000,57340000,315560,5150000.0,5734000.0,31556.0,28160542.43,17649313.92,0.59556,0.012277,0.01432,MESGHAL,MESGHAL
2022-09-18,50000000,56580000,316540,5000000.0,5658000.0,31654.0,27340332.46,17415385.1,0.569895,0.012209,0.014391,MESGHAL,MESGHAL
2022-09-19,49770000,56650000,316740,4977000.0,5665000.0,31674.0,27214566.93,17436931.17,0.560743,0.012078,0.014312,MESGHAL,MESGHAL
2022-09-20,49400000,57240000,317130,4940000.0,5724000.0,31713.0,27012248.47,17618533.81,0.533172,0.012104,0.014352,MESGHAL,MESGHAL
2022-09-21,50000000,57750000,316730,5000000.0,5775000.0,31673.0,27340332.46,17775512.36,0.53809,0.012061,0.014179,MESGHAL,MESGHAL
2022-09-22,50000000,57750000,316660,5000000.0,5775000.0,31666.0,27340332.46,17775512.36,0.53809,0.012059,0.014176,MESGHAL,MESGHAL
2022-09-24,50120000,56830000,317010,5012000.0,5683000.0,31701.0,27405949.26,17492335.37,0.56674,0.012275,0.013657,MESGHAL,MESGHAL
2022-09-28,50500000,57600000,318440,5050000.0,5760000.0,31844.0,27613735.78,17729342.2,0.557516,0.012448,0.013701,MESGHAL,MESGHAL
2022-09-29,50500000,57600000,318480,5050000.0,5760000.0,31848.0,27613735.78,17729342.2,0.557516,0.012401,0.013691,MESGHAL,MESGHAL
2022-10-01,53500000,59680000,331520,5350000.0,5968000.0,33152.0,29254155.73,18369568.45,0.592534,0.013509,0.014161,MESGHAL,MESGHAL
2022-10-02,53500000,60360000,332420,5350000.0,6036000.0,33242.0,29254155.73,18578873.18,0.574593,0.013556,0.014189,MESGHAL,MESGHAL
2022-10-03,53000000,60610000,330950,5300000.0,6061000.0,33095.0,28980752.41,18655823.45,0.553443,0.013561,0.014188,MESGHAL,MESGHAL
2022-10-04,53000000,60610000,331020,5300000.0,6061000.0,33102.0,28980752.41,18655823.45,0.553443,0.013514,0.014081,MESGHAL,MESGHAL
2022-10-05,52700000,59783000,326316,5270000.0,5978300.0,32631.6,28816710.41,18401271.96,0.566017,0.013657,0.014156,MESGHAL,MESGHAL
2022-10-08,51900000,58550000,323070,5190000.0,5855000.0,32307.0,28379265.09,18021753.23,0.574723,0.01395,0.014322,MESGHAL,MESGHAL
2022-10-09,51500000,58640000,324910,5150000.0,5864000.0,32491.0,28160542.43,18049455.32,0.560188,0.013805,0.014323,MESGHAL,MESGHAL
2022-10-10,51800000,58850000,327410,5180000.0,5885000.0,32741.0,28324584.43,18114093.55,0.563677,0.013775,0.014308,MESGHAL,MESGHAL
2022-10-11,52000000,58970000,326480,5200000.0,5897000.0,32648.0,28433945.76,18151029.68,0.56652,0.013741,0.014263,MESGHAL,MESGHAL
2022-10-12,52500000,58930000,329540,5250000.0,5893000.0,32954.0,28707349.08,18138717.64,0.582656,0.012847,0.014201,MESGHAL,MESGHAL
2022-10-13,52500000,58930000,329460,5250000.0,5893000.0,32946.0,28707349.08,18138717.64,0.582656,0.012473,0.014192,MESGHAL,MESGHAL
2022-10-15,52200000,58680000,331210,5220000.0,5868000.0,33121.0,28543307.09,18061767.37,0.580316,0.012497,0.014127,MESGHAL,MESGHAL
2022-10-16,52300000,58410000,328570,5230000.0,5841000.0,32857.0,28597987.75,17978661.07,0.590663,0.012303,0.014085,MESGHAL,MESGHAL
2022-10-17,52000000,58250000,328450,5200000.0,5825000.0,32845.0,28433945.76,17929412.9,0.585883,0.012263,0.014036,MESGHAL,MESGHAL
2022-10-18,51500000,58020000,327940,5150000.0,5802000.0,32794.0,28160542.43,17858618.65,0.57686,0.011247,0.014039,MESGHAL,MESGHAL
2022-10-19,51300000,58110000,326510,5130000.0,5811000.0,32651.0,28051181.1,17886320.75,0.568304,0.011243,0.013709,MESGHAL,MESGHAL
2022-10-20,51300000,58110000,326550,5130000.0,5811000.0,32655.0,28051181.1,17886320.75,0.568304,0.01111,0.013596,MESGHAL,MESGHAL
2022-10-22,51200000,58110000,328120,5120000.0,5811000.0,32812.0,27996500.44,17886320.75,0.565246,0.011106,0.013359,MESGHAL,MESGHAL
2022-10-23,51000000,57910000,327630,5100000.0,5791000.0,32763.0,27887139.11,17824760.53,0.564517,0.010408,0.013218,MESGHAL,MESGHAL
2022-10-24,51200000,58390000,328700,5120000.0,5839000.0,32870.0,27996500.44,17972505.05,0.557741,0.009843,0.013213,MESGHAL,MESGHAL
2022-10-25,51300000,58920000,328880,5130000.0,5892000.0,32888.0,28051181.1,18135639.63,0.546743,0.009866,0.013215,MESGHAL,MESGHAL
2022-10-26,51500000,59040000,330570,5150000.0,5904000.0,33057.0,28160542.43,18172575.75,0.549618,0.009864,0.013174,MESGHAL,MESGHAL
2022-10-27,51500000,59040000,330520,5150000.0,5904000.0,33052.0,28160542.43,18172575.75,0.549618,0.009868,0.013172,MESGHAL,MESGHAL
2022-10-29,52800000,58730000,329740,5280000.0,5873000.0,32974.0,28871391.08,18077157.42,0.59712,0.00979,0.013164,MESGHAL,MESGHAL
2022-10-30,53300000,58910000,332450,5330000.0,5891000.0,33245.0,29144794.4,18132561.61,0.607318,0.009789,0.013163,MESGHAL,MESGHAL
2022-10-31,54000000,59570000,334720,5400000.0,5957000.0,33472.0,29527559.06,18335710.33,0.610385,0.00944,0.013221,MESGHAL,MESGHAL
2022-11-01,56000000,60480000,346060,5600000.0,6048000.0,34606.0,30621172.35,18615809.31,0.644901,0.0096,0.012781,MESGHAL,MESGHAL
2022-11-02,56200000,60330000,350163,5620000.0,6033000.0,35016.3,30730533.68,18569639.15,0.65488,0.009615,0.012437,MESGHAL,MESGHAL
2022-11-05,58500000,64140000,362640,5850000.0,6414000.0,36264.0,31988188.98,19742361.26,0.620282,0.013174,0.014069,MESGHAL,MESGHAL
2022-11-06,59500000,64360000,361970,5950000.0,6436000.0,36197.0,32534995.63,19810077.5,0.642346,0.013172,0.013945,MESGHAL,MESGHAL
2022-11-07,58500000,63910000,361830,5850000.0,6391000.0,36183.0,31988188.98,19671567.01,0.626113,0.013251,0.013426,MESGHAL,MESGHAL
2022-11-08,59000000,63560000,354010,5900000.0,6356000.0,35401.0,32261592.3,19563836.64,0.649042,0.012979,0.013408,MESGHAL,MESGHAL
2022-11-09,58000000,63540000,350590,5800000.0,6354000.0,35059.0,31714785.65,19557680.61,0.621603,0.01294,0.013408,MESGHAL,MESGHAL
2022-11-10,58000000,63540000,350590,5800000.0,6354000.0,35059.0,31714785.65,19557680.61,0.621603,0.012898,0.012661,MESGHAL,MESGHAL
2022-11-12,58500000,64430000,354420,5850000.0,6443000.0,35442.0,31988188.98,19831623.58,0.612989,0.012889,0.012727,MESGHAL,MESGHAL
2022-11-13,58600000,65330000,358010,5860000.0,6533000.0,35801.0,32042869.64,20108644.55,0.593487,0.012985,0.012782,MESGHAL,MESGHAL
2022-11-14,59500000,65870000,355950,5950000.0,6587000.0,35595.0,32534995.63,20274857.13,0.604697,0.013,0.012803,MESGHAL,MESGHAL
2022-11-15,59000000,65620000,354669,5900000.0,6562000.0,35466.9,32261592.3,20197906.86,0.597274,0.012808,0.012744,MESGHAL,MESGHAL
2022-11-16,58700000,64350000,349704,5870000.0,6435000.0,34970.4,32097550.31,19806999.49,0.620516,0.013237,0.012832,MESGHAL,MESGHAL
2022-11-19,58500000,65020000,353091,5850000.0,6502000.0,35309.1,31988188.98,20013226.21,0.598352,0.013237,0.012809,MESGHAL,MESGHAL
2022-11-20,58360000,64620000,357042,5836000.0,6462000.0,35704.2,31911636.05,19890105.78,0.604398,0.013272,0.012757,MESGHAL,MESGHAL
2022-11-21,58500000,64960000,356580,5850000.0,6496000.0,35658.0,31988188.98,19994758.15,0.599829,0.013272,0.012764,MESGHAL,MESGHAL
2022-11-22,58800000,64810000,355126,5880000.0,6481000.0,35512.6,32152230.97,19948587.99,0.611755,0.012995,0.012763,MESGHAL,MESGHAL
2022-11-23,59500000,65160000,354593,5950000.0,6516000.0,35459.3,32534995.63,20056318.36,0.622182,0.012904,0.012767,MESGHAL,MESGHAL
2022-11-24,59500000,65160000,349900,5950000.0,6516000.0,34990.0,32534995.63,20056318.36,0.622182,0.012904,0.012754,MESGHAL,MESGHAL
2022-11-26,59800000,66250000,360114,5980000.0,6625000.0,36011.4,32699037.62,20391821.54,0.603537,0.012083,0.012851,MESGHAL,MESGHAL
2022-11-27,62800000,66240000,360350,6280000.0,6624000.0,36035.0,34339457.57,20388743.53,0.684236,0.012011,0.012831,MESGHAL,MESGHAL
2022-11-28,63000000,66170000,355050,6300000.0,6617000.0,35505.0,34448818.9,20367197.45,0.691387,0.012017,0.012832,MESGHAL,MESGHAL
2022-11-29,63800000,67320000,357000,6380000.0,6732000.0,35700.0,34886264.22,20721168.7,0.683605,0.012223,0.012911,MESGHAL,MESGHAL
2022-11-30,65300000,68320000,358880,6530000.0,6832000.0,35888.0,35706474.19,21028969.78,0.697966,0.012113,0.012979,MESGHAL,MESGHAL
2022-12-01,65300000,68320000,357950,6530000.0,6832000.0,35795.0,35706474.19,21028969.78,0.697966,0.011587,0.012939,MESGHAL,MESGHAL
2022-12-03,69000000,69060000,363110,6900000.0,6906000.0,36311.0,37729658.79,21256742.58,0.77495,0.011633,0.012916,MESGHAL,MESGHAL
2022-12-04,71000000,68490000,363150,7100000.0,6849000.0,36315.0,38823272.09,21081295.96,0.841598,0.011766,0.012924,MESGHAL,MESGHAL
2022-12-05,72000000,68170000,361870,7200000.0,6817000.0,36187.0,39370078.74,20982799.61,0.876302,0.011825,0.01293,MESGHAL,MESGHAL
2022-12-07,73150000,69881000,370189,7315000.0,6988100.0,37018.9,39998906.39,21509447.26,0.859597,0.012236,0.01265,MESGHAL,MESGHAL
2022-12-10,79500000,71270000,372820,7950000.0,7127000.0,37282.0,43471128.61,21936982.96,0.981637,0.012445,0.012564,MESGHAL,MESGHAL
2022-12-11,86000000,72410000,379560,8600000.0,7241000.0,37956.0,47025371.83,22287876.19,1.109908,0.012494,0.01264,MESGHAL,MESGHAL
2022-12-12,89000000,73560000,385170,8900000.0,7356000.0,38517.0,48665791.78,22641847.43,1.149374,0.012518,0.012574,MESGHAL,MESGHAL
2022-12-13,91000000,73230000,383390,9100000.0,7323000.0,38339.0,49759405.07,22540273.08,1.207578,0.012545,0.012559,MESGHAL,MESGHAL
2022-12-14,89500000,73230000,378280,8950000.0,7323000.0,37828.0,48939195.1,22540273.08,1.171189,0.012494,0.012007,MESGHAL,MESGHAL
2022-12-15,89500000,73230000,378280,8950000.0,7323000.0,37828.0,48939195.1,22540273.08,1.171189,0.012507,0.012007,MESGHAL,MESGHAL
2022-12-17,91000000,75430000,393270,9100000.0,7543000.0,39327.0,49759405.07,23217435.45,1.143191,0.013002,0.012281,MESGHAL,MESGHAL
2022-12-18,90000000,76510000,396790,9000000.0,7651000.0,39679.0,49212598.43,23549860.62,1.089719,0.013029,0.01232,MESGHAL,MESGHAL
2022-12-19,89500000,75460000,391460,8950000.0,7546000.0,39146.0,48939195.1,23226669.49,1.107026,0.013284,0.012197,MESGHAL,MESGHAL
2022-12-20,89250000,76620000,396330,8925000.0,7662000.0,39633.0,48802493.44,23583718.74,1.06933,0.013352,0.011945,MESGHAL,MESGHAL
2022-12-21,90500000,78010000,397610,9050000.0,7801000.0,39761.0,49486001.75,24011562.24,1.060924,0.013463,0.012032,MESGHAL,MESGHAL
2022-12-22,90500000,78010000,390500,9050000.0,7801000.0,39050.0,49486001.75,24011562.24,1.060924,0.01348,0.012034,MESGHAL,MESGHAL
2022-12-24,95000000,79930000,410030,9500000.0,7993000.0,41003.0,51946631.67,24602540.31,1.111434,0.013711,0.012224,MESGHAL,MESGHAL
2022-12-25,94500000,81380000,414940,9450000.0,8138000.0,41494.0,51673228.35,25048851.88,1.062898,0.013686,0.012227,MESGHAL,MESGHAL
2022-12-26,94500000,81380000,397210,9450000.0,8138000.0,39721.0,51673228.35,25048851.88,1.062898,0.013715,0.012227,MESGHAL,MESGHAL
2022-12-28,100000000,82930000,434360,10000000.0,8293000.0,43436.0,54680664.92,25525943.55,1.14216,0.013813,0.012192,MESGHAL,MESGHAL
2022-12-29,100000000,82930000,416150,10000000.0,8293000.0,41615.0,54680664.92,25525943.55,1.14216,0.013805,0.012161,MESGHAL,MESGHAL
2022-12-31,87000000,80320000,411740,8700000.0,8032000.0,41174.0,47572178.48,24722582.73,0.92424,0.014873,0.012724,MESGHAL,MESGHAL
2023-01-01,88000000,80160000,409530,8800000.0,8016000.0,40953.0,48118985.13,24673334.56,0.950242,0.012222,0.012734,MESGHAL,MESGHAL
2023-01-02,87000000,77800000,397380,8700000.0,7780000.0,39738.0,47572178.48,23946924.01,0.986567,0.013236,0.013213,MESGHAL,MESGHAL
2023-01-03,86000000,78170000,397550,8600000.0,7817000.0,39755.0,47025371.83,24060810.41,0.954438,0.013126,0.013207,MESGHAL,MESGHAL
2023-01-04,85000000,78180000,400620,8500000.0,7818000.0,40062.0,46478565.18,24063888.42,0.931465,0.013057,0.013061,MESGHAL,MESGHAL
2023-01-05,85000000,78180000,394830,8500000.0,7818000.0,39483.0,46478565.18,24063888.42,0.931465,0.013054,0.013051,MESGHAL,MESGHAL
2023-01-07,86500000,82230000,410890,8650000.0,8223000.0,41089.0,47298775.15,25310482.8,0.868743,0.014761,0.013985,MESGHAL,MESGHAL
2023-01-08,83280000,81745000,407650,8328000.0,8174500.0,40765.0,45538057.74,25161199.27,0.809852,0.014808,0.01395,MESGHAL,MESGHAL
2023-01-10,80000000,81770000,408300,8000000.0,8177000.0,40830.0,43744531.93,25168894.3,0.738039,0.01477,0.013947,MESGHAL,MESGHAL
2023-01-11,77000000,83085000,409413,7700000.0,8308500.0,40941.3,42104111.99,25573652.72,0.646386,0.014852,0.013997,MESGHAL,MESGHAL
2023-01-14,77000000,83240000,409770,7700000.0,8324000.0,40977.0,42104111.99,25621361.89,0.643321,0.014798,0.013876,MESGHAL,MESGHAL
2023-01-15,79000000,84110000,411170,7900000.0,8411000.0,41117.0,43197725.28,25889148.83,0.668565,0.014335,0.013886,MESGHAL,MESGHAL
2023-01-16,86000000,86290000,418810,8600000.0,8629000.0,41881.0,47025371.83,26560155.18,0.770523,0.014619,0.014054,MESGHAL,MESGHAL
2023-01-17,93000000,87810000,431800,9300000.0,8781000.0,43180.0,50853018.37,27028012.82,0.881493,0.014584,0.014113,MESGHAL,MESGHAL
2023-01-18,97900000,89304000,439761,9790000.0,8930400.0,43976.1,53532370.95,27487867.64,0.947491,0.014657,0.014161,MESGHAL,MESGHAL
2023-01-21,102000000,90330000,449400,10200000.0,9033000.0,44940.0,55774278.22,27803671.54,1.006004,0.014599,0.014003,MESGHAL,MESGHAL
2023-01-22,94000000,90230000,448320,9400000.0,9023000.0,44832.0,51399825.02,27772891.44,0.850719,0.014651,0.013991,MESGHAL,MESGHAL
2023-01-23,90000000,88190000,435850,9000000.0,8819000.0,43585.0,49212598.43,27144977.23,0.812954,0.01527,0.01428,MESGHAL,MESGHAL
2023-01-24,88000000,89340000,437620,8800000.0,8934000.0,43762.0,48118985.13,27498948.47,0.749848,0.015226,0.013919,MESGHAL,MESGHAL
2023-01-25,91140000,91210000,438080,9114000.0,9121000.0,43808.0,49835958.01,28074536.49,0.77513,0.01533,0.014006,MESGHAL,MESGHAL
2023-01-28,92500000,92520000,448210,9250000.0,9252000.0,44821.0,50579615.05,28477755.91,0.77611,0.015313,0.014043,MESGHAL,MESGHAL
2023-01-29,92000000,91480000,446050,9200000.0,9148000.0,44605.0,50306211.72,28157642.79,0.786592,0.015486,0.014135,MESGHAL,MESGHAL
2023-01-30,91500000,89710000,447300,9150000.0,8971000.0,44730.0,50032808.4,27612834.87,0.81194,0.015914,0.014229,MESGHAL,MESGHAL
2023-01-31,92500000,92760000,447040,9250000.0,9276000.0,44704.0,50579615.05,28551628.17,0.771514,0.016401,0.014304,MESGHAL,MESGHAL
2023-02-01,93100000,91782000,449250,9310000.0,9178200.0,44925.0,50907699.04,28250598.71,0.802004,0.01659,0.014395,MESGHAL,MESGHAL
2023-02-05,92000000,89660000,449400,9200000.0,8966000.0,44940.0,50306211.72,27597444.82,0.822858,0.017023,0.014695,MESGHAL,MESGHAL
2023-02-06,91500000,89580000,442370,9150000.0,8958000.0,44237.0,50032808.4,27572820.73,0.81457,0.016978,0.014704,MESGHAL,MESGHAL
2023-02-07,92000000,90420000,445610,9200000.0,9042000.0,44561.0,50306211.72,27831373.64,0.807536,0.016747,0.0147,MESGHAL,MESGHAL
2023-02-08,94420000,93137000,450651,9442000.0,9313700.0,45065.1,51629483.81,28667669.17,0.800966,0.017001,0.014925,MESGHAL,MESGHAL
2023-02-12,93500000,91810000,456050,9350000.0,9181000.0,45605.0,51126421.7,28259217.14,0.809195,0.017193,0.015032,MESGHAL,MESGHAL
2023-02-13,94000000,92840000,459070,9400000.0,9284000.0,45907.0,51399825.02,28576252.25,0.79869,0.017144,0.01501,MESGHAL,MESGHAL
2023-02-14,96890000,94437000,457108,9689000.0,9443700.0,45710.8,52980096.24,29067810.58,0.822638,0.017166,0.015038,MESGHAL,MESGHAL
2023-02-16,100000000,95360000,451120,10000000.0,9536000.0,45112.0,54680664.92,29351910.98,0.862934,0.017153,0.015011,MESGHAL,MESGHAL
2023-02-19,107000000,101540000,499020,10700000.0,10154000.0,49902.0,58508311.46,31254121.65,0.872019,0.019186,0.016233,MESGHAL,MESGHAL
2023-02-20,103500000,100210000,498910,10350000.0,10021000.0,49891.0,56594488.19,30844746.21,0.834818,0.019112,0.016348,MESGHAL,MESGHAL
2023-02-21,105000000,103990000,511050,10500000.0,10399000.0,51105.0,57414698.16,32008234.29,0.793748,0.019629,0.016664,MESGHAL,MESGHAL
2023-02-22,111400000,117650000,525831,11140000.0,11765000.0,52583.1,60914260.72,36212797.05,0.68212,0.026624,0.021147,MESGHAL,MESGHAL
2023-02-25,115100000,116770000,584930,11510000.0,11677000.0,58493.0,62937445.32,35941932.1,0.751087,0.026739,0.02121,MESGHAL,MESGHAL
2023-02-26,109600000,114651000,584380,10960000.0,11465100.0,58438.0,59930008.75,35289701.61,0.698229,0.027019,0.021385,MESGHAL,MESGHAL
2023-02-27,106180000,119996000,559340,10618000.0,11999600.0,55934.0,58059930.01,36934898.38,0.571953,0.027545,0.021763,MESGHAL,MESGHAL
2023-02-28,107100000,108610000,556510,10710000.0,10861000.0,55651.0,58562992.13,33430275.28,0.751795,0.031485,0.024284,MESGHAL,MESGHAL
2023-03-01,106200000,108870000,556478,10620000.0,10887000.0,55647.8,58070866.14,33510303.56,0.732926,0.03145,0.024254,MESGHAL,MESGHAL
2023-03-04,105000000,101560000,509000,10500000.0,10156000.0,50900.0,57414698.16,31260277.67,0.836666,0.033285,0.025472,MESGHAL,MESGHAL
2023-03-05,99000000,101670000,511040,9900000.0,10167000.0,51104.0,54133858.27,31294135.79,0.72984,0.033227,0.025473,MESGHAL,MESGHAL
2023-03-06,97600000,100510000,503480,9760000.0,10051000.0,50348.0,53368328.96,30937086.54,0.72506,0.033309,0.025521,MESGHAL,MESGHAL
2023-03-08,91500000,89145000,492988,9150000.0,8914500.0,49298.8,50032808.4,27438927.26,0.823424,0.037226,0.028399,MESGHAL,MESGHAL
2023-03-11,92000000,86310000,445050,9200000.0,8631000.0,44505.0,50306211.72,26566311.2,0.893609,0.037573,0.027971,MESGHAL,MESGHAL
2023-03-12,99000000,94010000,452840,9900000.0,9401000.0,45284.0,54133858.27,28936379.52,0.870789,0.03937,0.029372,MESGHAL,MESGHAL
2023-03-13,110000000,98920000,470800,11000000.0,9892000.0,47080.0,60148731.41,30447682.82,0.975478,0.039981,0.029765,MESGHAL,MESGHAL
2023-03-14,109000000,100360000,469470,10900000.0,10036000.0,46947.0,59601924.76,30890916.37,0.929432,0.03999,0.029758,MESGHAL,MESGHAL
2023-03-15,110000000,108486000,467919,11000000.0,10848600.0,46791.9,60148731.41,33392107.95,0.801286,0.041458,0.030783,MESGHAL,USD
2023-03-18,118200000,114360000,481014,11820000.0,11436000.0,48101.4,64632545.93,35200131.49,0.836145,0.041514,0.031178,MESGHAL,USD
2023-03-25,118000000,113256000,507910,11800000.0,11325600.0,50791.0,64523184.6,34860319.1,0.850906,0.041546,0.031217,MESGHAL,USD
2023-03-26,118000000,111857000,510920,11800000.0,11185700.0,51092.0,64523184.6,34429705.39,0.874056,0.041641,0.031272,MESGHAL,USD
2023-03-27,118800000,112201000,511900,11880000.0,11220100.0,51190.0,64960629.92,34535588.96,0.880976,0.041628,0.031273,MESGHAL,USD
2023-03-28,118800000,112082000,511750,11880000.0,11208200.0,51175.0,64960629.92,34498960.63,0.882974,0.041639,0.031265,MESGHAL,USD
2023-03-29,117500000,113978000,546655,11750000.0,11397800.0,54665.5,64249781.28,35082551.48,0.831388,0.04166,0.031163,MESGHAL,USD
2023-04-03,117000000,111890000,511080,11700000.0,11189000.0,51108.0,63976377.95,34439862.83,0.857626,0.041739,0.031272,MESGHAL,USD
2023-04-04,118000000,112410000,511080,11800000.0,11241000.0,51108.0,64523184.6,34599919.39,0.864836,0.041707,0.031244,MESGHAL,USD
2023-04-05,116000000,110460000,507990,11600000.0,11046000.0,50799.0,63429571.3,33999707.28,0.865592,0.04182,0.031345,MESGHAL,USD
2023-04-06,116300000,110398000,510483,11630000.0,11039800.0,51048.3,63593613.3,33980623.61,0.871467,0.04182,0.03134,MESGHAL,USD
2023-04-08,115900000,107740000,503080,11590000.0,10774000.0,50308.0,63374890.64,33162488.34,0.911041,0.042035,0.031502,MESGHAL,USD
2023-04-10,117000000,110650000,508880,11700000.0,11065000.0,50888.0,63976377.95,34058189.49,0.878443,0.041951,0.031572,MESGHAL,USD
2023-04-12,116300000,109397000,510019,11630000.0,10939700.0,51001.9,63593613.3,33672514.73,0.888591,0.042013,0.031606,MESGHAL,USD
2023-04-15,117000000,110440000,512590,11700000.0,11044000.0,51259.0,63976377.95,33993551.26,0.882015,0.041953,0.031601,MESGHAL,USD
2023-04-16,117000000,112010000,514550,11700000.0,11201000.0,51455.0,63976377.95,34476798.95,0.855636,0.041952,0.031603,MESGHAL,USD
2023-04-17,116000000,110650000,517570,11600000.0,11065000.0,51757.0,63429571.3,34058189.49,0.862388,0.04196,0.03164,MESGHAL,USD
2023-04-18,116530000,112220000,517080,11653000.0,11222000.0,51708.0,63719378.83,34541437.18,0.844723,0.041817,0.031638,MESGHAL,USD
2023-04-19,116380000,112038000,516069,11638000.0,11203800.0,51606.9,63637357.83,34485417.39,0.845341,0.041613,0.031642,MESGHAL,USD
2023-04-23,116200000,111424000,517759,11620000.0,11142400.0,51775.9,63538932.63,34296427.52,0.85264,0.041578,0.031661,MESGHAL,USD
2023-04-25,116350000,111420000,517810,11635000.0,11142000.0,51781.0,63620953.63,34295196.32,0.855098,0.041367,0.031632,MESGHAL,USD
2023-04-26,123000000,115150000,535050,12300000.0,11515000.0,53505.0,67257217.85,35443294.35,0.897601,0.041556,0.031742,MESGHAL,USD
2023-04-27,123000000,115150000,532830,12300000.0,11515000.0,53283.0,67257217.85,35443294.35,0.897601,0.041564,0.031687,MESGHAL,USD
2023-04-29,125500000,118910000,549090,12550000.0,11891000.0,54909.0,68624234.47,36600626.41,0.874947,0.041599,0.031777,MESGHAL,USD
2023-04-30,127500000,119000000,557350,12750000.0,11900000.0,55735.0,69717847.77,36628328.5,0.903386,0.041493,0.031765,MESGHAL,USD
2023-05-01,125000000,117910000,546450,12500000.0,11791000.0,54645.0,68350831.15,36292825.33,0.883315,0.041552,0.031787,MESGHAL,USD
2023-05-02,124000000,118070000,540200,12400000.0,11807000.0,54020.0,67804024.5,36342073.5,0.865717,0.041524,0.031772,MESGHAL,USD
2023-05-03,124500000,118470000,541800,12450000.0,11847000.0,54180.0,68077427.82,36465193.93,0.866915,0.041521,0.031767,MESGHAL,USD
2023-05-04,124500000,118470000,536840,12450000.0,11847000.0,53684.0,68077427.82,36465193.93,0.866915,0.040558,0.031767,MESGHAL,USD
2023-05-06,120000000,114110000,527520,12000000.0,11411000.0,52752.0,65616797.9,35123181.22,0.868191,0.040933,0.031974,MESGHAL,USD
2023-05-07,119500000,115180000,535870,11950000.0,11518000.0,53587.0,65343394.58,35452528.38,0.843124,0.040621,0.031962,MESGHAL,USD
2023-05-08,119000000,114420000,531720,11900000.0,11442000.0,53172.0,65069991.25,35218599.56,0.847603,0.035738,0.031924,MESGHAL,USD
2023-05-09,117000000,114910000,529510,11700000.0,11491000.0,52951.0,63976377.95,35369422.09,0.808805,0.035725,0.031906,MESGHAL,USD
2023-05-10,117400000,114510000,530410,11740000.0,11451000.0,53041.0,64195100.61,35246301.65,0.821329,0.035622,0.031888,MESGHAL,USD
2023-05-11,117400000,114510000,530360,11740000.0,11451000.0,53036.0,64195100.61,35246301.65,0.821329,0.034941,0.031888,MESGHAL,USD
2023-05-13,113000000,109320000,513810,11300000.0,10932000.0,51381.0,61789151.36,33648814.05,0.836295,0.032652,0.032245,MESGHAL,USD
2023-05-14,109000000,111872000,521060,10900000.0,11187200.0,52106.0,59601924.76,34434322.41,0.730887,0.032822,0.032275,MESGHAL,USD
2023-05-17,107500000,108280000,512090,10750000.0,10828000.0,51209.0,58781714.79,33328700.93,0.763697,0.031585,0.032495,MESGHAL,USD
2023-05-18,107500000,108280000,510980,10750000.0,10828000.0,51098.0,58781714.79,33328700.93,0.763697,0.031586,0.032456,MESGHAL,USD
2023-05-20,114000000,111090000,518530,11400000.0,11109000.0,51853.0,62335958.01,34193621.96,0.823029,0.031716,0.032539,MESGHAL,USD
2023-05-21,115000000,111660000,523310,11500000.0,11166000.0,52331.0,62882764.65,34369068.58,0.829632,0.026478,0.032324,MESGHAL,USD
2023-05-22,115200000,111090000,522510,11520000.0,11109000.0,52251.0,62992125.98,34193621.96,0.842219,0.025932,0.032332,MESGHAL,USD
2023-05-23,115350000,109880000,515040,11535000.0,10988000.0,51504.0,63074146.98,33821182.65,0.86493,0.022799,0.032176,MESGHAL,USD
2023-05-24,114000000,109440000,516190,11400000.0,10944000.0,51619.0,62335958.01,33685750.18,0.850514,0.021617,0.032188,MESGHAL,USD
2023-05-25,114000000,109440000,514320,11400000.0,10944000.0,51432.0,62335958.01,33685750.18,0.850514,0.021542,0.032188,MESGHAL,USD
2023-05-27,110000000,108160000,515170,11000000.0,10816000.0,51517.0,60148731.41,33291764.8,0.806715,0.018057,0.032229,MESGHAL,USD
2023-05-28,112000000,109500000,518350,11200000.0,10950000.0,51835.0,61242344.71,33704218.24,0.817053,0.016237,0.031843,MESGHAL,USD
2023-05-29,112000000,108140000,513420,11200000.0,10814000.0,51342.0,61242344.71,33285608.78,0.839905,0.016275,0.031872,MESGHAL,USD
2023-05-30,111000000,108110000,509580,11100000.0,10811000.0,50958.0,60695538.06,33276374.74,0.823983,0.016183,0.031873,MESGHAL,USD
2023-05-31,112000000,108400000,513330,11200000.0,10840000.0,51333.0,61242344.71,33365637.06,0.835492,0.016182,0.031846,MESGHAL,USD
2023-06-01,112000000,108400000,510890,11200000.0,10840000.0,51089.0,61242344.71,33365637.06,0.835492,0.016182,0.031847,MESGHAL,USD
2023-06-03,111500000,106710000,509250,11150000.0,10671000.0,50925.0,60968941.38,32845453.23,0.856237,0.016109,0.031901,MESGHAL,USD
2023-06-06,107500000,103390000,496350,10750000.0,10339000.0,49635.0,58781714.79,31823553.65,0.847113,0.016514,0.032008,MESGHAL,USD
2023-06-07,104000000,101700000,492900,10400000.0,10170000.0,49290.0,56867891.51,31303369.82,0.81667,0.016626,0.032028,MESGHAL,USD
2023-06-08,104000000,101700000,490840,10400000.0,10170000.0,49084.0,56867891.51,31303369.82,0.81667,0.016468,0.03199,MESGHAL,USD
2023-06-10,100000000,97330000,470090,10000000.0,9733000.0,47009.0,54680664.92,29958279.1,0.825227,0.017554,0.032318,MESGHAL,USD
2023-06-11,102000000,98630000,481970,10200000.0,9863000.0,48197.0,55774278.22,30358420.51,0.837193,0.017405,0.032341,MESGHAL,USD
2023-06-12,105000000,101650000,499100,10500000.0,10165000.0,49910.0,57414698.16,31287979.77,0.83504,0.017545,0.032381,MESGHAL,USD
2023-06-13,106000000,100830000,488580,10600000.0,10083000.0,48858.0,57961504.81,31035582.88,0.867582,0.017512,0.032378,MESGHAL,USD
2023-06-14,104000000,99920000,488020,10400000.0,9992000.0,48802.0,56867891.51,30755483.9,0.849033,0.017462,0.032334,MESGHAL,USD
2023-06-15,104000000,99920000,488100,10400000.0,9992000.0,48810.0,56867891.51,30755483.9,0.849033,0.017292,0.032305,MESGHAL,USD
2023-06-17,108000000,102140000,492280,10800000.0,10214000.0,49228.0,59055118.11,31438802.3,0.878415,0.0176,0.032351,MESGHAL,USD
2023-06-18,105000000,100110000,486810,10500000.0,10011000.0,48681.0,57414698.16,30813966.1,0.863269,0.017637,0.032355,MESGHAL,USD
2023-06-19,106000000,100910000,489740,10600000.0,10091000.0,48974.0,57961504.81,31060206.97,0.866102,0.017703,0.032181,MESGHAL,USD
2023-06-20,104000000,99660000,485880,10400000.0,9966000.0,48588.0,56867891.51,30675455.62,0.853856,0.017761,0.032189,MESGHAL,USD
2023-06-21,106000000,101210000,497310,10600000.0,10121000.0,49731.0,57961504.81,31152547.29,0.86057,0.017953,0.032116,MESGHAL,USD
2023-06-22,106000000,101210000,497130,10600000.0,10121000.0,49713.0,57961504.81,31152547.29,0.86057,0.017144,0.032116,MESGHAL,USD
2023-06-24,107000000,102170000,499510,10700000.0,10217000.0,49951.0,58508311.46,31448036.33,0.860476,0.017234,0.032116,MESGHAL,USD
2023-06-25,106000000,102180000,497970,10600000.0,10218000.0,49797.0,57961504.81,31451114.34,0.842908,0.016406,0.031977,MESGHAL,USD
2023-06-26,107000000,101760000,492920,10700000.0,10176000.0,49292.0,58508311.46,31321837.89,0.867972,0.016396,0.031939,MESGHAL,USD
2023-06-27,106500000,101740000,492350,10650000.0,10174000.0,49235.0,58234908.14,31315681.86,0.859608,0.016378,0.031924,MESGHAL,USD
2023-06-28,106500000,101740000,492800,10650000.0,10174000.0,49280.0,58234908.14,31315681.86,0.859608,0.016371,0.031881,MESGHAL,USD
2023-07-01,108000000,103910000,499930,10800000.0,10391000.0,49993.0,59055118.11,31983610.21,0.846418,0.01674,0.031938,MESGHAL,USD
2023-07-02,108000000,103230000,502990,10800000.0,10323000.0,50299.0,59055118.11,31774305.47,0.858581,0.016744,0.031233,MESGHAL,USD
2023-07-03,108000000,103260000,502840,10800000.0,10326000.0,50284.0,59055118.11,31783539.51,0.858041,0.01595,0.031199,MESGHAL,USD
2023-07-04,106500000,103080000,503100,10650000.0,10308000.0,50310.0,58234908.14,31728135.31,0.835434,0.015856,0.030954,MESGHAL,USD
2023-07-05,106800000,103310000,503130,10680000.0,10331000.0,50313.0,58398950.13,31798929.56,0.836507,0.015857,0.027668,MESGHAL,USD
2023-07-06,106800000,103310000,503130,10680000.0,10331000.0,50313.0,58398950.13,31798929.56,0.836507,0.015831,0.027659,MESGHAL,USD
2023-07-08,105000000,102120000,499630,10500000.0,10212000.0,49963.0,57414698.16,31432646.28,0.826594,0.015889,0.027622,MESGHAL,USD
2023-07-09,103500000,101730000,498290,10350000.0,10173000.0,49829.0,56594488.19,31312603.85,0.807403,0.015886,0.02716,MESGHAL,USD
2023-07-10,102500000,100890000,491460,10250000.0,10089000.0,49146.0,56047681.54,31054050.95,0.804843,0.014549,0.025304,MESGHAL,USD
2023-07-11,102000000,101660000,492430,10200000.0,10166000.0,49243.0,55774278.22,31291057.78,0.782435,0.014127,0.025317,MESGHAL,USD
2023-07-12,101000000,101740000,492610,10100000.0,10174000.0,49261.0,55227471.57,31315681.86,0.763572,0.013382,0.024309,MESGHAL,USD
2023-07-15,99000000,100400000,483700,9900000.0,10040000.0,48370.0,54133858.27,30903228.42,0.751722,0.013494,0.02435,MESGHAL,USD
2023-07-16,99000000,100760000,488180,9900000.0,10076000.0,48818.0,54133858.27,31014036.81,0.745463,0.012868,0.024322,MESGHAL,USD
2023-07-17,99000000,100130000,488170,9900000.0,10013000.0,48817.0,54133858.27,30820122.13,0.756445,0.012836,0.02116,MESGHAL,MESGHAL
2023-07-18,97500000,100030000,484700,9750000.0,10003000.0,48470.0,53313648.29,30789342.02,0.731562,0.012831,0.020865,MESGHAL,MESGHAL
2023-07-19,97500000,100380000,486370,9750000.0,10038000.0,48637.0,53313648.29,30897072.4,0.725524,0.01279,0.0187,MESGHAL,MESGHAL
2023-07-22,95500000,98470000,483360,9550000.0,9847000.0,48336.0,52220035.0,30309172.33,0.722912,0.013034,0.018005,MESGHAL,MESGHAL
2023-07-23,96500000,100770000,486140,9650000.0,10077000.0,48614.0,52766841.64,31017114.82,0.701217,0.013568,0.018107,MESGHAL,MESGHAL
2023-07-24,100000000,101110000,488370,10000000.0,10111000.0,48837.0,54680664.92,31121767.18,0.756991,0.013504,0.015961,MESGHAL,MESGHAL
2023-07-25,102000000,101230000,490250,10200000.0,10123000.0,49025.0,55774278.22,31158703.31,0.790006,0.01335,0.014869,MESGHAL,MESGHAL
2023-07-26,102000000,101080000,488990,10200000.0,10108000.0,48899.0,55774278.22,31112533.15,0.792663,0.013251,0.014842,MESGHAL,MESGHAL
2023-07-29,103000000,100760000,487970,10300000.0,10076000.0,48797.0,56321084.86,31014036.81,0.815987,0.013252,0.014797,MESGHAL,MESGHAL
2023-07-30,105000000,102550000,493660,10500000.0,10255000.0,49366.0,57414698.16,31565000.74,0.818935,0.01354,0.014922,MESGHAL,MESGHAL
2023-07-31,109500000,103620000,500700,10950000.0,10362000.0,50070.0,59875328.08,31894347.89,0.877302,0.013647,0.014969,MESGHAL,MESGHAL
2023-08-01,108150000,102921000,500090,10815000.0,10292100.0,50009.0,59137139.11,31679194.94,0.86675,0.013497,0.014863,MESGHAL,MESGHAL
2023-08-02,108330000,102521000,498670,10833000.0,10252100.0,49867.0,59235564.3,31556074.51,0.877153,0.012708,0.014753,MESGHAL,MESGHAL
2023-08-05,106000000,102220000,496320,10600000.0,10222000.0,49632.0,57961504.81,31463426.38,0.842187,0.012479,0.014743,MESGHAL,MESGHAL
2023-08-06,105000000,101960000,496440,10500000.0,10196000.0,49644.0,57414698.16,31383398.1,0.829461,0.012485,0.014642,MESGHAL,MESGHAL
2023-08-07,103500000,101410000,493500,10350000.0,10141000.0,49350.0,56594488.19,31214107.51,0.813106,0.010704,0.01465,MESGHAL,MESGHAL
2023-08-08,104000000,101850000,495420,10400000.0,10185000.0,49542.0,56867891.51,31349539.98,0.813994,0.010553,0.01445,MESGHAL,MESGHAL
2023-08-09,100800000,101780000,496590,10080000.0,10178000.0,49659.0,55118110.24,31327993.91,0.759388,0.009546,0.014152,MESGHAL,MESGHAL
2023-08-12,103500000,100560000,491420,10350000.0,10056000.0,49142.0,56594488.19,30952476.59,0.828432,0.009638,0.014158,MESGHAL,MESGHAL
2023-08-13,102000000,100570000,492960,10200000.0,10057000.0,49296.0,55774278.22,30955554.6,0.801753,0.009542,0.014116,MESGHAL,MESGHAL
2023-08-14,101000000,100610000,492480,10100000.0,10061000.0,49248.0,55227471.57,30967866.64,0.78338,0.009542,0.014025,MESGHAL,MESGHAL
2023-08-15,100000000,99940000,489440,10000000.0,9994000.0,48944.0,54680664.92,30761639.92,0.77756,0.008994,0.013989,MESGHAL,MESGHAL
2023-08-16,99500000,99810000,488580,9950000.0,9981000.0,48858.0,54407261.59,30721625.78,0.770976,0.008506,0.013895,MESGHAL,MESGHAL
2023-08-17,99500000,99810000,488580,9950000.0,9981000.0,48858.0,54407261.59,30721625.78,0.770976,0.00842,0.013896,MESGHAL,MESGHAL
2023-08-19,97000000,97970000,487920,9700000.0,9797000.0,48792.0,53040244.97,30155271.79,0.758905,0.008658,0.014006,MESGHAL,MESGHAL
2023-08-20,97500000,98750000,486950,9750000.0,9875000.0,48695.0,53313648.29,30395356.64,0.754006,0.008417,0.01404,MESGHAL,MESGHAL
2023-08-21,99000000,100470000,492730,9900000.0,10047000.0,49273.0,54133858.27,30924774.49,0.750501,0.008823,0.013695,MESGHAL,MESGHAL
2023-08-22,99500000,100240000,490230,9950000.0,10024000.0,49023.0,54407261.59,30853980.25,0.763379,0.008708,0.013694,MESGHAL,MESGHAL
2023-08-23,99400000,100210000,491670,9940000.0,10021000.0,49167.0,54352580.93,30844746.21,0.762134,0.008707,0.01321,MESGHAL,MESGHAL
2023-08-26,99500000,100310000,491620,9950000.0,10031000.0,49162.0,54407261.59,30875526.32,0.762148,0.008691,0.01321,MESGHAL,MESGHAL
2023-08-27,99600000,100130000,490130,9960000.0,10013000.0,49013.0,54461942.26,30820122.13,0.76709,0.008694,0.013187,MESGHAL,MESGHAL
2023-08-29,100500000,100990000,491010,10050000.0,10099000.0,49101.0,54954068.24,31084831.05,0.767874,0.008793,0.013228,MESGHAL,MESGHAL
2023-08-30,100780000,100880000,490200,10078000.0,10088000.0,49020.0,55107174.1,31050972.94,0.774733,0.008177,0.013217,MESGHAL,MESGHAL
2023-09-02,102500000,102330000,496660,10250000.0,10233000.0,49666.0,56047681.54,31497284.5,0.779445,0.008418,0.013323,MESGHAL,MESGHAL
2023-09-03,102000000,102750000,496400,10200000.0,10275000.0,49640.0,55774278.22,31626560.96,0.763526,0.008441,0.0128,MESGHAL,MESGHAL
2023-09-04,102000000,102330000,496040,10200000.0,10233000.0,49604.0,55774278.22,31497284.5,0.770765,0.008458,0.012755,MESGHAL,MESGHAL
2023-09-09,102500000,101630000,496650,10250000.0,10163000.0,49665.0,56047681.54,31281823.75,0.791701,0.008508,0.012757,MESGHAL,MESGHAL
2023-09-10,102000000,101420000,495750,10200000.0,10142000.0,49575.0,55774278.22,31217185.52,0.786653,0.008512,0.012743,MESGHAL,MESGHAL
2023-09-11,101000000,101240000,497000,10100000.0,10124000.0,49700.0,55227471.57,31161781.32,0.772282,0.008348,0.012741,MESGHAL,MESGHAL
2023-09-12,102000000,101740000,499310,10200000.0,10174000.0,49931.0,55774278.22,31315681.86,0.781033,0.008362,0.012757,MESGHAL,MESGHAL
2023-09-13,102000000,101740000,499310,10200000.0,10174000.0,49931.0,55774278.22,31315681.86,0.781033,0.008268,0.011871,MESGHAL,MESGHAL
2023-09-17,100500000,101040000,495330,10050000.0,10104000.0,49533.0,54954068.24,31100221.11,0.766999,0.008256,0.01161,MESGHAL,MESGHAL
2023-09-18,100000000,101380000,496450,10000000.0,10138000.0,49645.0,54680664.92,31204873.48,0.752312,0.008271,0.011142,MESGHAL,MESGHAL
2023-09-19,99000000,101070000,491150,9900000.0,10107000.0,49115.0,54133858.27,31109455.14,0.740109,0.008045,0.011144,MESGHAL,MESGHAL
2023-09-20,99400000,100710000,493930,9940000.0,10071000.0,49393.0,54352580.93,30998646.75,0.753386,0.008047,0.010783,MESGHAL,MESGHAL
2023-09-23,99500000,100370000,493580,9950000.0,10037000.0,49358.0,54407261.59,30893994.39,0.761095,0.008008,0.010766,MESGHAL,MESGHAL
2023-09-26,106500000,99040000,494480,10650000.0,9904000.0,49448.0,58234908.14,30484618.95,0.910305,0.008245,0.010833,MESGHAL,MESGHAL
2023-09-27,99000000,99270000,497380,9900000.0,9927000.0,49738.0,54133858.27,30555413.2,0.771662,0.008235,0.010791,MESGHAL,MESGHAL
2023-09-28,99000000,99270000,495380,9900000.0,9927000.0,49538.0,54133858.27,30555413.2,0.771662,0.007732,0.010787,MESGHAL,MESGHAL
2023-09-30,99000000,97910000,495540,9900000.0,9791000.0,49554.0,54133858.27,30136803.73,0.796271,0.007176,0.010868,MESGHAL,MESGHAL
2023-10-01,98930000,97490000,496500,9893000.0,9749000.0,49650.0,54095581.8,30007527.28,0.802734,0.00717,0.010816,MESGHAL,MESGHAL
2023-10-02,98930000,97490000,496240,9893000.0,9749000.0,49624.0,54095581.8,30007527.28,0.802734,0.007165,0.010722,MESGHAL,MESGHAL
2023-10-04,99430000,97130000,499010,9943000.0,9713000.0,49901.0,54368985.13,29896718.89,0.81856,0.007177,0.010659,MESGHAL,MESGHAL
2023-10-05,99430000,97130000,498970,9943000.0,9713000.0,49897.0,54368985.13,29896718.89,0.81856,0.00717,0.010659,MESGHAL,MESGHAL
2023-10-07,108430000,105860000,524400,10843000.0,10586000.0,52440.0,59290244.97,32583822.31,0.819622,0.014962,0.014302,MESGHAL,MESGHAL
2023-10-08,115930000,106290000,527530,11593000.0,10629000.0,52753.0,63391294.84,32716176.78,0.937613,0.014901,0.014309,MESGHAL,MESGHAL
2023-10-09,106930000,103930000,520570,10693000.0,10393000.0,52057.0,58470035.0,31989766.23,0.827773,0.015242,0.014405,MESGHAL,MESGHAL
2023-10-10,105930000,103850000,517730,10593000.0,10385000.0,51773.0,57923228.35,31965142.14,0.812075,0.01523,0.014028,MESGHAL,MESGHAL
2023-10-11,106930000,103860000,515530,10693000.0,10386000.0,51553.0,58470035.0,31968220.15,0.829005,0.015221,0.013918,MESGHAL,MESGHAL
2023-10-12,106930000,103860000,511700,10693000.0,10386000.0,51170.0,58470035.0,31968220.15,0.829005,0.015215,0.013918,MESGHAL,MESGHAL
2023-10-14,105000000,104170000,507520,10500000.0,10417000.0,50752.0,57414698.16,32063638.49,0.790648,0.015193,0.013142,MESGHAL,MESGHAL
2023-10-15,103000000,101640000,502980,10300000.0,10164000.0,50298.0,56321084.86,31284901.76,0.800264,0.015621,0.013334,MESGHAL,MESGHAL
2023-10-16,105000000,103820000,509920,10500000.0,10382000.0,50992.0,57414698.16,31955908.11,0.796685,0.015934,0.013137,MESGHAL,MESGHAL
2023-10-17,105000000,105560000,513360,10500000.0,10556000.0,51336.0,57414698.16,32491481.99,0.767069,0.015994,0.013218,MESGHAL,MESGHAL
2023-10-18,104000000,104445000,508805,10400000.0,10444500.0,50880.5,56867891.51,32148283.79,0.768925,0.016088,0.013232,MESGHAL,MESGHAL
2023-10-21,103900000,104645000,506362,10390000.0,10464500.0,50636.2,56813210.85,32209844.0,0.763846,0.016088,0.013232,MESGHAL,MESGHAL
2023-10-22,103500000,104140000,506160,10350000.0,10414000.0,50616.0,56594488.19,32054404.46,0.765576,0.016071,0.013044,MESGHAL,MESGHAL
2023-10-23,103000000,105270000,507540,10300000.0,10527000.0,50754.0,56321084.86,32402219.68,0.738186,0.016131,0.012913,MESGHAL,MESGHAL
2023-10-24,104500000,106460000,511860,10450000.0,10646000.0,51186.0,57141294.84,32768502.96,0.743787,0.016197,0.012938,MESGHAL,MESGHAL
2023-10-25,105500000,107350000,516090,10550000.0,10735000.0,51609.0,57688101.49,33042445.92,0.745879,0.015941,0.012888,MESGHAL,MESGHAL
2023-10-27,108000000,109530000,521490,10800000.0,10953000.0,52149.0,59055118.11,33713452.28,0.751678,0.016144,0.012958,MESGHAL,MESGHAL
2023-10-28,106000000,108070000,513390,10600000.0,10807000.0,51339.0,57961504.81,33264062.7,0.742466,0.016146,0.013044,MESGHAL,MESGHAL
2023-10-29,104500000,107530000,514600,10450000.0,10753000.0,51460.0,57141294.84,33097850.12,0.726435,0.016166,0.013025,MESGHAL,MESGHAL
2023-10-30,106000000,108130000,516380,10600000.0,10813000.0,51638.0,57961504.81,33282530.77,0.741499,0.016173,0.013035,MESGHAL,MESGHAL
2023-10-31,105500000,108240000,516860,10550000.0,10824000.0,51686.0,57688101.49,33316388.88,0.731523,0.016173,0.013025,MESGHAL,MESGHAL
2023-11-01,105860000,108990000,521350,10586000.0,10899000.0,52135.0,57884951.88,33547239.69,0.725476,0.016181,0.013041,MESGHAL,MESGHAL
2023-11-03,106260000,106740000,511400,10626000.0,10674000.0,51140.0,58103674.54,32854687.26,0.768505,0.016487,0.013234,MESGHAL,MESGHAL
2023-11-04,104700000,106820000,512360,10470000.0,10682000.0,51236.0,57250656.17,32879311.35,0.741236,0.016484,0.01305,MESGHAL,MESGHAL
2023-11-05,104500000,106860000,513520,10450000.0,10686000.0,51352.0,57141294.84,32891623.39,0.73726,0.016368,0.01303,MESGHAL,MESGHAL
2023-11-06,103500000,105710000,512190,10350000.0,10571000.0,51219.0,56594488.19,32537652.15,0.739354,0.016453,0.013083,MESGHAL,MESGHAL
2023-11-07,103500000,105420000,510520,10350000.0,10542000.0,51052.0,56594488.19,32448389.84,0.744139,0.016446,0.013085,MESGHAL,MESGHAL
2023-11-08,103500000,105650000,513530,10350000.0,10565000.0,51353.0,56594488.19,32519184.09,0.740342,0.016406,0.013085,MESGHAL,MESGHAL
2023-11-10,103000000,104940000,513250,10300000.0,10494000.0,51325.0,56321084.86,32300645.32,0.743652,0.01644,0.013106,MESGHAL,MESGHAL
2023-11-11,103000000,104340000,513370,10300000.0,10434000.0,51337.0,56321084.86,32115964.67,0.753679,0.016464,0.013062,MESGHAL,MESGHAL
2023-11-12,103000000,104530000,511800,10300000.0,10453000.0,51180.0,56321084.86,32174446.88,0.750491,0.016453,0.013055,MESGHAL,MESGHAL
2023-11-13,103000000,104650000,511510,10300000.0,10465000.0,51151.0,56321084.86,32211383.01,0.748484,0.016453,0.013023,MESGHAL,MESGHAL
2023-11-14,102500000,105040000,509070,10250000.0,10504000.0,50907.0,56047681.54,32331425.43,0.733536,0.016418,0.013006,MESGHAL,MESGHAL
2023-11-15,102000000,104950000,509430,10200000.0,10495000.0,50943.0,55774278.22,32303723.33,0.726559,0.016416,0.013007,MESGHAL,MESGHAL
2023-11-17,102000000,105370000,506400,10200000.0,10537000.0,50640.0,55774278.22,32432999.78,0.719677,0.016411,0.012931,MESGHAL,MESGHAL
2023-11-18,101000000,104960000,503040,10100000.0,10496000.0,50304.0,55227471.57,32306801.34,0.709469,0.016413,0.012936,MESGHAL,MESGHAL
2023-11-19,100500000,104070000,504010,10050000.0,10407000.0,50401.0,54954068.24,32032858.38,0.715553,0.016461,0.012951,MESGHAL,MESGHAL
2023-11-20,100500000,104890000,501990,10050000.0,10489000.0,50199.0,54954068.24,32285255.27,0.702141,0.016351,0.012973,MESGHAL,MESGHAL
2023-11-21,101000000,104630000,502190,10100000.0,10463000.0,50219.0,55227471.57,32205226.99,0.71486,0.01636,0.012973,MESGHAL,MESGHAL
2023-11-22,101000000,104910000,503740,10100000.0,10491000.0,50374.0,55227471.57,32291411.29,0.710284,0.01636,0.012808,MESGHAL,MESGHAL
2023-11-24,102500000,106170000,504280,10250000.0,10617000.0,50428.0,56047681.54,32679240.65,0.715085,0.016273,0.01264,MESGHAL,MESGHAL
2023-11-25,103000000,105660000,502510,10300000.0,10566000.0,50251.0,56321084.86,32522262.1,0.73177,0.016278,0.01265,MESGHAL,MESGHAL
2023-11-26,103000000,105590000,504240,10300000.0,10559000.0,50424.0,56321084.86,32500716.02,0.732918,0.01628,0.01265,MESGHAL,MESGHAL
2023-11-27,103890000,106569000,506232,10389000.0,10656900.0,50623.2,56807742.78,32802053.28,0.731835,0.016293,0.012681,MESGHAL,MESGHAL
2023-11-28,104000000,107280000,507010,10400000.0,10728000.0,50701.0,56867891.51,33020899.85,0.722179,0.016303,0.01269,MESGHAL,MESGHAL
2023-11-29,104500000,107380000,506950,10450000.0,10738000.0,50695.0,57141294.84,33051679.96,0.728847,0.009572,0.012562,MESGHAL,MESGHAL
2023-12-01,105500000,109430000,504830,10550000.0,10943000.0,50483.0,57688101.49,33682672.17,0.712694,0.00995,0.012669,MESGHAL,MESGHAL
2023-12-02,106000000,109310000,505910,10600000.0,10931000.0,50591.0,57961504.81,33645736.04,0.7227,0.009338,0.012646,MESGHAL,MESGHAL
2023-12-03,106000000,107980000,506510,10600000.0,10798000.0,50651.0,57961504.81,33236360.6,0.743919,0.009539,0.01271,MESGHAL,MESGHAL
2023-12-04,104500000,108060000,505010,10450000.0,10806000.0,50501.0,57141294.84,33260984.69,0.717968,0.009538,0.012704,MESGHAL,MESGHAL
2023-12-05,103500000,106810000,504240,10350000.0,10681000.0,50424.0,56594488.19,32876233.34,0.721441,0.009714,0.012765,MESGHAL,MESGHAL
2023-12-06,104000000,107210000,505170,10400000.0,10721000.0,50517.0,56867891.51,32999353.77,0.723303,0.009719,0.012753,MESGHAL,MESGHAL
2023-12-08,103500000,106160000,505310,10350000.0,10616000.0,50531.0,56594488.19,32676162.64,0.731981,0.009107,0.012794,MESGHAL,MESGHAL
2023-12-09,103290000,106290000,505350,10329000.0,10629000.0,50535.0,56479658.79,32716176.78,0.726353,0.00857,0.012794,MESGHAL,MESGHAL
2023-12-10,103000000,105580000,506170,10300000.0,10558000.0,50617.0,56321084.86,32497638.01,0.733082,0.008277,0.012748,MESGHAL,MESGHAL
2023-12-11,103500000,105920000,504640,10350000.0,10592000.0,50464.0,56594488.19,32602290.38,0.735905,0.008133,0.01275,MESGHAL,MESGHAL
2023-12-12,103300000,106120000,504460,10330000.0,10612000.0,50446.0,56485126.86,32663850.59,0.729286,0.008133,0.012751,MESGHAL,MESGHAL
2023-12-13,105000000,107520000,504670,10500000.0,10752000.0,50467.0,57414698.16,33094772.11,0.734857,0.00831,0.012794,MESGHAL,MESGHAL
2023-12-15,104600000,106420000,504670,10460000.0,10642000.0,50467.0,57195975.5,32756190.92,0.746112,0.008321,0.012845,MESGHAL,MESGHAL
2023-12-17,104500000,106040000,502380,10450000.0,10604000.0,50238.0,57141294.84,32639226.51,0.750694,0.008171,0.012853,MESGHAL,MESGHAL
2023-12-18,104000000,106360000,500560,10400000.0,10636000.0,50056.0,56867891.51,32737722.85,0.737075,0.008086,0.012693,MESGHAL,MESGHAL
2023-12-19,103800000,106625000,500712,10380000.0,10662500.0,50071.2,56758530.18,32819290.14,0.729426,0.007487,0.012672,MESGHAL,MESGHAL
2023-12-20,103000000,106720000,500760,10300000.0,10672000.0,50076.0,56321084.86,32848531.24,0.714569,0.007238,0.012551,MESGHAL,MESGHAL
2023-12-22,104000000,107800000,503010,10400000.0,10780000.0,50301.0,56867891.51,33180956.41,0.713871,0.00736,0.012585,MESGHAL,MESGHAL
2023-12-23,103000000,106910000,500690,10300000.0,10691000.0,50069.0,56321084.86,32907013.45,0.711522,0.007413,0.012621,MESGHAL,MESGHAL
2023-12-24,104200000,106350000,500890,10420000.0,10635000.0,50089.0,56977252.84,32734644.84,0.74058,0.007447,0.012637,MESGHAL,MESGHAL
2023-12-25,104500000,107230000,501040,10450000.0,10723000.0,50104.0,57141294.84,33005509.79,0.731265,0.007478,0.012659,MESGHAL,MESGHAL
2023-12-26,103950000,108580000,503450,10395000.0,10858000.0,50345.0,56840551.18,33421041.25,0.700741,0.007066,0.012693,MESGHAL,MESGHAL
2023-12-27,104450000,108370000,503190,10445000.0,10837000.0,50319.0,57113954.51,33356403.02,0.712234,0.007074,0.012695,MESGHAL,MESGHAL
2023-12-29,105950000,108940000,506160,10595000.0,10894000.0,50616.0,57934164.48,33531849.64,0.727735,0.007111,0.012623,MESGHAL,MESGHAL
2023-12-30,105950000,108490000,505630,10595000.0,10849000.0,50563.0,57934164.48,33393339.15,0.734902,0.006944,0.012628,MESGHAL,MESGHAL
2023-12-31,105950000,109340000,505980,10595000.0,10934000.0,50598.0,57934164.48,33654970.07,0.721415,0.007005,0.01264,MESGHAL,MESGHAL
2024-01-01,108450000,110220000,506430,10845000.0,11022000.0,50643.0,59301181.1,33925835.02,0.747965,0.007083,0.012636,MESGHAL,MESGHAL
2024-01-02,107450000,110440000,508290,10745000.0,11044000.0,50829.0,58754374.45,33993551.26,0.728398,0.006989,0.012632,MESGHAL,MESGHAL
2024-01-03,108950000,110990000,514170,10895000.0,11099000.0,51417.0,59574584.43,34162841.85,0.743842,0.006933,0.012636,MESGHAL,MESGHAL
2024-01-05,107450000,111280000,509740,10745000.0,11128000.0,50974.0,58754374.45,34252104.17,0.715351,0.006935,0.01263,MESGHAL,MESGHAL
2024-01-06,108450000,111860000,509760,10845000.0,11186000.0,50976.0,59301181.1,34430628.79,0.722338,0.006957,0.012637,MESGHAL,MESGHAL
2024-01-07,108300000,111160000,509490,10830000.0,11116000.0,50949.0,59219160.1,34215168.04,0.730787,0.007042,0.012633,MESGHAL,MESGHAL
2024-01-08,109950000,112390000,514840,10995000.0,11239000.0,51484.0,60121391.08,34593763.37,0.737926,0.007179,0.012674,MESGHAL,MESGHAL
2024-01-09,113950000,112990000,519780,11395000.0,11299000.0,51978.0,62308617.67,34778444.01,0.791587,0.007192,0.012673,MESGHAL,MESGHAL
2024-01-10,115950000,113220000,516020,11595000.0,11322000.0,51602.0,63402230.97,34849238.26,0.819329,0.007145,0.012662,MESGHAL,MESGHAL
2024-01-12,118950000,116590000,524680,11895000.0,11659000.0,52468.0,65042650.92,35886527.9,0.812453,0.008094,0.012996,MESGHAL,MESGHAL
2024-01-13,112950000,115060000,520860,11295000.0,11506000.0,52086.0,61761811.02,35415592.25,0.743916,0.008374,0.012994,MESGHAL,MESGHAL
2024-01-14,108450000,115180000,524630,10845000.0,11518000.0,52463.0,59301181.1,35452528.38,0.672693,0.008347,0.012995,MESGHAL,MESGHAL
2024-01-15,109950000,115970000,529040,10995000.0,11597000.0,52904.0,60121391.08,35695691.23,0.684276,0.008376,0.013004,MESGHAL,MESGHAL
2024-01-16,109450000,117370000,536510,10945000.0,11737000.0,53651.0,59847987.75,36126612.74,0.656618,0.008377,0.012943,MESGHAL,MESGHAL
2024-01-17,109950000,116760000,540290,10995000.0,11676000.0,54029.0,60121391.08,35938854.08,0.67288,0.008385,0.012948,MESGHAL,MESGHAL
2024-01-19,108000000,118030000,542230,10800000.0,11803000.0,54223.0,59055118.11,36329761.46,0.62553,0.008468,0.012979,MESGHAL,MESGHAL
2024-01-20,109000000,117910000,539080,10900000.0,11791000.0,53908.0,59601924.76,36292825.33,0.642251,0.008421,0.012969,MESGHAL,MESGHAL
2024-01-21,109500000,117310000,540510,10950000.0,11731000.0,54051.0,59875328.08,36108144.68,0.658222,0.008463,0.012989,MESGHAL,MESGHAL
2024-01-22,112000000,119150000,548920,11200000.0,11915000.0,54892.0,61242344.71,36674498.67,0.669889,0.008697,0.009199,MESGHAL,MESGHAL
2024-01-23,114000000,119210000,556590,11400000.0,11921000.0,55659.0,62335958.01,36692966.73,0.698853,0.008326,0.009195,MESGHAL,MESGHAL
2024-01-26,116500000,121470000,563000,11650000.0,12147000.0,56300.0,63702974.63,37388597.17,0.703808,0.00868,0.009036,MESGHAL,MESGHAL
2024-01-27,114000000,121130000,558630,11400000.0,12113000.0,55863.0,62335958.01,37283944.8,0.671925,0.008438,0.009044,MESGHAL,MESGHAL
2024-01-28,118500000,126030000,582990,11850000.0,12603000.0,58299.0,64796587.93,38792170.09,0.670352,0.010109,0.00991,MESGHAL,MESGHAL
2024-01-29,119000000,126180000,582890,11900000.0,12618000.0,58289.0,65069991.25,38838340.26,0.675406,0.009859,0.009908,MESGHAL,MESGHAL
2024-01-30,118000000,124960000,584030,11800000.0,12496000.0,58403.0,64523184.6,38462822.94,0.677547,0.010056,0.009986,MESGHAL,MESGHAL
2024-01-31,114000000,127712000,576496,11400000.0,12771200.0,57649.6,62335958.01,39309891.51,0.585758,0.010216,0.009805,MESGHAL,MESGHAL
2024-02-02,112000000,120490000,563780,11200000.0,12049000.0,56378.0,61242344.71,37086952.11,0.651318,0.013581,0.011415,MESGHAL,MESGHAL
2024-02-03,108000000,119310000,551370,10800000.0,11931000.0,55137.0,59055118.11,36723746.84,0.608091,0.013638,0.011366,MESGHAL,MESGHAL
2024-02-04,110000000,119630000,553880,11000000.0,11963000.0,55388.0,60148731.41,36822243.18,0.633489,0.013638,0.011295,MESGHAL,MESGHAL
2024-02-05,110000000,119673000,557015,11000000.0,11967300.0,55701.5,60148731.41,36835478.63,0.632902,0.013642,0.011296,MESGHAL,MESGHAL
2024-02-06,111000000,120760000,557380,11100000.0,12076000.0,55738.0,60695538.06,37170058.4,0.632915,0.013585,0.011302,MESGHAL,MESGHAL
2024-02-09,110500000,119270000,549020,11050000.0,11927000.0,54902.0,60422134.73,36711434.79,0.645867,0.013633,0.011355,MESGHAL,MESGHAL
2024-02-11,111500000,119080000,551950,11150000.0,11908000.0,55195.0,60968941.38,36652952.59,0.663411,0.013616,0.011311,MESGHAL,MESGHAL
2024-02-12,111500000,118810000,554690,11150000.0,11881000.0,55469.0,60968941.38,36569846.3,0.667192,0.013636,0.011293,MESGHAL,MESGHAL
2024-02-13,112000000,119410000,555800,11200000.0,11941000.0,55580.0,61242344.71,36754526.95,0.666253,0.013641,0.011117,MESGHAL,MESGHAL
2024-02-14,112500000,120270000,560270,11250000.0,12027000.0,56027.0,61515748.03,37019235.87,0.661724,0.013655,0.011031,MESGHAL,MESGHAL
2024-02-16,114500000,121520000,563020,11450000.0,12152000.0,56302.0,62609361.33,37403987.22,0.673869,0.013658,0.011052,MESGHAL,MESGHAL
2024-02-18,115600000,122290000,570360,11560000.0,12229000.0,57036.0,63210848.64,37640994.06,0.679309,0.013566,0.011055,MESGHAL,MESGHAL
2024-02-19,115000000,121260000,565060,11500000.0,12126000.0,56506.0,62882764.65,37323958.94,0.684783,0.013617,0.011104,MESGHAL,MESGHAL
2024-02-20,115500000,122450000,570290,11550000.0,12245000.0,57029.0,63156167.98,37690242.23,0.675664,0.013632,0.011124,MESGHAL,MESGHAL
2024-02-21,117000000,123070000,572710,11700000.0,12307000.0,57271.0,63976377.95,37881078.9,0.688874,0.01356,0.010883,MESGHAL,MESGHAL
2024-02-23,118000000,124060000,572670,11800000.0,12406000.0,57267.0,64523184.6,38185801.97,0.689717,0.013561,0.010903,MESGHAL,MESGHAL
2024-02-25,118000000,124560000,582491,11800000.0,12456000.0,58249.1,64523184.6,38339702.51,0.682934,0.013558,0.010905,MESGHAL,MESGHAL
2024-02-26,120000000,126080000,586050,12000000.0,12608000.0,58605.0,65616797.9,38807560.15,0.690825,0.013579,0.010877,MESGHAL,MESGHAL
2024-02-27,119500000,125570000,581090,11950000.0,12557000.0,58109.0,65343394.58,38650581.6,0.690619,0.013606,0.010884,MESGHAL,MESGHAL
2024-02-28,120000000,125590000,584660,12000000.0,12559000.0,58466.0,65616797.9,38656737.62,0.697422,0.013593,0.010886,MESGHAL,MESGHAL
2024-03-01,122500000,129510000,593130,12250000.0,12951000.0,59313.0,66983814.52,39863317.85,0.680337,0.014213,0.011269,MESGHAL,MESGHAL
2024-03-02,121500000,129430000,593390,12150000.0,12943000.0,59339.0,66437007.87,39838693.77,0.66765,0.014226,0.01124,MESGHAL,MESGHAL
2024-03-03,127500000,134670000,605020,12750000.0,13467000.0,60502.0,69717847.77,41451571.42,0.681911,0.015232,0.011926,MESGHAL,MESGHAL
2024-03-04,135800000,134649000,609470,13580000.0,13464900.0,60947.0,74256342.96,41445107.6,0.791679,0.015245,0.011929,MESGHAL,MESGHAL
2024-03-05,136000000,138170000,609890,13600000.0,13817000.0,60989.0,74365704.29,42528875.2,0.748593,0.015496,0.012175,MESGHAL,MESGHAL
2024-03-06,136100000,138102000,605639,13610000.0,13810200.0,60563.9,74420384.95,42507944.73,0.750741,0.015488,0.012174,MESGHAL,MESGHAL
2024-03-08,137000000,136520000,605340,13700000.0,13652000.0,60534.0,74912510.94,42021003.42,0.78274,0.01567,0.012269,MESGHAL,MESGHAL
2024-03-09,132500000,133890000,592850,13250000.0,13389000.0,59285.0,72451881.01,41211486.58,0.758051,0.016049,0.012469,MESGHAL,MESGHAL
2024-03-10,135000000,135700000,599410,13500000.0,13570000.0,59941.0,73818897.64,41768606.54,0.76733,0.01564,0.012461,MESGHAL,MESGHAL
2024-03-11,137000000,133990000,597090,13700000.0,13399000.0,59709.0,74912510.94,41242266.69,0.816401,0.015628,0.012557,MESGHAL,MESGHAL
2024-03-12,137000000,133580000,595340,13700000.0,13358000.0,59534.0,74912510.94,41116068.25,0.821977,0.015654,0.01256,MESGHAL,MESGHAL
2024-03-13,137500000,134760000,593800,13750000.0,13476000.0,59380.0,75185914.26,41479273.52,0.812614,0.015666,0.012576,MESGHAL,MESGHAL
2024-03-15,138000000,135960000,601080,13800000.0,13596000.0,60108.0,75459317.59,41848634.82,0.803149,0.015635,0.012555,MESGHAL,MESGHAL
2024-03-16,140000000,138720000,600260,14000000.0,13872000.0,60026.0,76552930.88,42698165.8,0.792886,0.015774,0.012661,MESGHAL,MESGHAL
2024-03-17,144000000,140970000,603510,14400000.0,14097000.0,60351.0,78740157.48,43390718.23,0.814677,0.015846,0.012728,MESGHAL,MESGHAL
2024-03-23,143900000,141320000,618100,14390000.0,14132000.0,61810.0,78685476.82,43498448.61,0.808926,0.015829,0.012713,MESGHAL,MESGHAL
2024-03-24,145000000,139710000,614030,14500000.0,13971000.0,61403.0,79286964.13,43002888.87,0.843759,0.015938,0.012799,MESGHAL,MESGHAL
2024-03-25,144000000,139580000,608380,14400000.0,13958000.0,60838.0,78740157.48,42962874.73,0.832749,0.015856,0.012804,MESGHAL,MESGHAL
2024-03-26,147900000,141270000,613950,14790000.0,14127000.0,61395.0,80872703.41,43483058.55,0.859867,0.015897,0.012727,MESGHAL,MESGHAL
2024-03-27,145800000,141890000,616580,14580000.0,14189000.0,61658.0,79724409.45,43673895.22,0.825448,0.015734,0.012721,MESGHAL,MESGHAL
2024-03-29,154300000,143310000,618334,15430000.0,14331000.0,61833.4,84372265.97,44110972.75,0.912727,0.015732,0.012639,MESGHAL,MESGHAL
2024-04-01,158000000,148840000,632900,15800000.0,14884000.0,63290.0,86395450.57,45813112.73,0.885824,0.015638,0.013168,MESGHAL,MESGHAL
2024-04-02,166000000,153710000,634740,16600000.0,15371000.0,63474.0,90769903.76,47312103.99,0.918534,0.0162,0.013415,MESGHAL,MESGHAL
2024-04-03,180000000,155660000,641000,18000000.0,15566000.0,64100.0,98425196.85,47912316.09,1.054278,0.0161,0.013445,MESGHAL,MESGHAL
2024-04-05,168000000,159470000,647000,16800000.0,15947000.0,64700.0,91863517.06,49085038.21,0.871518,0.016161,0.013527,MESGHAL,MESGHAL
2024-04-06,155000000,154220000,640000,15500000.0,15422000.0,64000.0,84755030.62,47469082.54,0.785479,0.014443,0.014085,MESGHAL,MESGHAL
2024-04-07,148000000,152890000,608700,14800000.0,15289000.0,60870.0,80927384.08,47059707.1,0.719675,0.014416,0.014103,MESGHAL,MESGHAL
2024-04-08,158000000,156990000,637000,15800000.0,15699000.0,63700.0,86395450.57,48321691.53,0.787923,0.014742,0.0143,MESGHAL,MESGHAL
2024-04-12,168000000,167940000,641000,16800000.0,16794000.0,64100.0,91863517.06,51692113.35,0.777128,0.017437,0.015848,MESGHAL,MESGHAL
2024-04-13,166000000,161780000,618800,16600000.0,16178000.0,61880.0,90769903.76,49796058.7,0.822833,0.018621,0.016422,MESGHAL,MESGHAL
2024-04-14,157000000,162410000,638400,15700000.0,16241000.0,63840.0,85848643.92,49989973.38,0.717317,0.018405,0.016346,MESGHAL,MESGHAL
2024-04-15,160000000,164160000,619200,16000000.0,16416000.0,61920.0,87489063.87,50528625.27,0.731475,0.018366,0.016333,MESGHAL,MESGHAL
2024-04-16,160000000,164510000,597900,16000000.0,16451000.0,59790.0,87489063.87,50636355.65,0.727791,0.018327,0.016335,MESGHAL,MESGHAL
2024-04-17,163000000,165890000,600900,16300000.0,16589000.0,60090.0,89129483.81,51061121.14,0.745545,0.018324,0.016336,MESGHAL,MESGHAL
2024-04-19,155000000,158680000,629000,15500000.0,15868000.0,62900.0,84755030.62,48841875.35,0.735294,0.019804,0.017105,MESGHAL,MESGHAL
2024-04-20,156000000,160780000,627600,15600000.0,16078000.0,62760.0,85301837.27,49488257.62,0.723678,0.019821,0.01712,MESGHAL,MESGHAL
2024-04-21,155000000,157690000,640100,15500000.0,15769000.0,64010.0,84755030.62,48537152.28,0.746189,0.020179,0.017249,MESGHAL,MESGHAL
2024-04-22,151000000,154230000,618300,15100000.0,15423000.0,61830.0,82567804.02,47472160.55,0.739289,0.020488,0.017442,MESGHAL,MESGHAL
2024-04-23,150000000,153080000,613700,15000000.0,15308000.0,61370.0,82020997.38,47118189.3,0.74075,0.020566,0.01748,MESGHAL,MESGHAL
2024-04-24,151000000,152590000,644200,15100000.0,15259000.0,64420.0,82567804.02,46967366.78,0.757982,0.020603,0.017473,MESGHAL,MESGHAL
2024-04-26,144000000,148870000,600600,14400000.0,14887000.0,60060.0,78740157.48,45822346.76,0.718379,0.021046,0.017714,MESGHAL,MESGHAL
2024-04-27,143000000,144080000,620100,14300000.0,14408000.0,62010.0,78193350.83,44347979.59,0.763177,0.021722,0.018107,MESGHAL,MESGHAL
2024-04-28,148000000,151620000,627500,14800000.0,15162000.0,62750.0,80927384.08,46668799.73,0.734079,0.022856,0.018804,MESGHAL,MESGHAL
2024-04-29,154000000,149870000,644100,15400000.0,14987000.0,64410.0,84208223.97,46130147.84,0.825449,0.022944,0.018869,MESGHAL,MESGHAL
2024-04-30,153000000,148820000,631000,15300000.0,14882000.0,63100.0,83661417.32,45806956.7,0.826391,0.022996,0.018896,MESGHAL,MESGHAL
2024-05-01,155000000,149420000,597300,15500000.0,14942000.0,59730.0,84755030.62,45991637.35,0.842836,0.022628,0.018895,MESGHAL,MESGHAL
2024-05-04,149000000,145770000,606100,14900000.0,14577000.0,60610.0,81474190.73,44868163.41,0.815857,0.022992,0.019121,MESGHAL,MESGHAL
2024-05-05,153000000,151460000,602200,15300000.0,15146000.0,60220.0,83661417.32,46619551.56,0.794556,0.022941,0.019486,MESGHAL,MESGHAL
2024-05-06,150000000,148510000,597200,15000000.0,14851000.0,59720.0,82020997.38,45711538.37,0.794317,0.023173,0.019635,MESGHAL,MESGHAL
2024-05-07,152000000,148010000,599500,15200000.0,14801000.0,59950.0,83114610.67,45557637.83,0.824384,0.022909,0.019621,MESGHAL,MESGHAL
2024-05-08,153000000,147660000,634600,15300000.0,14766000.0,63460.0,83661417.32,45449907.45,0.840739,0.022915,0.019613,MESGHAL,MESGHAL
2024-05-10,151000000,147490000,633700,15100000.0,14749000.0,63370.0,82567804.02,45397581.27,0.818771,0.022833,0.019617,MESGHAL,MESGHAL
2024-05-11,150000000,145890000,601600,15000000.0,14589000.0,60160.0,82020997.38,44905099.54,0.826541,0.022692,0.019672,MESGHAL,MESGHAL
2024-05-12,147000000,144970000,629000,14700000.0,14497000.0,62900.0,80380577.43,44621922.55,0.80137,0.02266,0.019489,MESGHAL,MESGHAL
2024-05-13,148000000,144970000,595000,14800000.0,14497000.0,59500.0,80927384.08,44621922.55,0.813624,0.022559,0.01942,MESGHAL,MESGHAL
2024-05-14,149000000,146030000,597300,14900000.0,14603000.0,59730.0,81474190.73,44948191.69,0.812624,0.022559,0.019425,MESGHAL,MESGHAL
2024-05-15,150000000,145690000,600600,15000000.0,14569000.0,60060.0,82020997.38,44843539.32,0.829048,0.022546,0.019428,MESGHAL,MESGHAL
2024-05-17,146000000,143220000,607700,14600000.0,14322000.0,60770.0,79833770.78,44083270.66,0.810977,0.022692,0.019511,MESGHAL,MESGHAL
2024-05-18,153000000,155930000,608600,15300000.0,15593000.0,60860.0,83661417.32,47995422.38,0.743112,0.025965,0.021489,MESGHAL,MESGHAL
2024-05-19,149000000,145940000,605600,14900000.0,14594000.0,60560.0,81474190.73,44920489.59,0.813742,0.027691,0.022608,MESGHAL,MESGHAL
2024-05-20,149000000,145330000,604700,14900000.0,14533000.0,60470.0,81474190.73,44732730.94,0.821355,0.027702,0.022616,MESGHAL,MESGHAL
2024-05-21,149000000,144419000,601000,14900000.0,14441900.0,60100.0,81474190.73,44452324.15,0.832844,0.027661,0.02262,MESGHAL,MESGHAL
2024-05-22,149000000,144090000,600700,14900000.0,14409000.0,60070.0,81474190.73,44351057.6,0.837029,0.027664,0.022583,MESGHAL,MESGHAL
2024-05-24,148000000,141920000,614500,14800000.0,14192000.0,61450.0,80927384.08,43683129.25,0.8526,0.027713,0.022656,MESGHAL,MESGHAL
2024-05-25,149000000,142480000,612200,14900000.0,14248000.0,61220.0,81474190.73,43855497.86,0.857787,0.027712,0.022587,MESGHAL,MESGHAL
2024-05-26,150000000,145290000,614100,15000000.0,14529000.0,61410.0,82020997.38,44720418.89,0.834084,0.027823,0.022657,MESGHAL,MESGHAL
2024-05-27,155000000,147110000,598200,15500000.0,14711000.0,59820.0,84755030.62,45280616.86,0.871773,0.027294,0.022321,MESGHAL,MESGHAL
2024-05-28,151000000,145980000,616500,15100000.0,14598000.0,61650.0,82567804.02,44932801.64,0.837584,0.026868,0.022344,MESGHAL,MESGHAL
2024-05-29,152000000,145940000,605400,15200000.0,14594000.0,60540.0,83114610.67,44920489.59,0.850261,0.026791,0.022311,MESGHAL,MESGHAL
2024-05-31,150000000,144440000,599600,15000000.0,14444000.0,59960.0,82020997.38,44458787.97,0.844877,0.026543,0.022246,MESGHAL,MESGHAL
2024-06-01,153000000,147020000,603100,15300000.0,14702000.0,60310.0,83661417.32,45252914.76,0.848752,0.026276,0.021437,MESGHAL,MESGHAL
2024-06-04,152000000,145490000,599800,15200000.0,14549000.0,59980.0,83114610.67,44781979.11,0.855983,0.02629,0.021441,MESGHAL,MESGHAL
2024-06-05,153000000,145870000,601900,15300000.0,14587000.0,60190.0,83661417.32,44898943.52,0.863327,0.025965,0.021441,MESGHAL,MESGHAL
2024-06-07,150000000,144330000,603900,15000000.0,14433000.0,60390.0,82020997.38,44424929.86,0.846283,0.02368,0.021483,MESGHAL,MESGHAL
2024-06-08,149000000,144400000,611600,14900000.0,14440000.0,61160.0,81474190.73,44446475.93,0.833086,0.023136,0.021472,MESGHAL,MESGHAL
2024-06-09,147000000,143380000,608500,14700000.0,14338000.0,60850.0,80380577.43,44132518.83,0.821346,0.023127,0.021439,MESGHAL,MESGHAL
2024-06-10,147500000,142840000,609900,14750000.0,14284000.0,60990.0,80653980.75,43966306.25,0.83445,0.023041,0.021445,MESGHAL,MESGHAL
2024-06-11,148000000,143880000,608300,14800000.0,14388000.0,60830.0,80927384.08,44286419.37,0.827363,0.023078,0.021446,MESGHAL,MESGHAL
2024-06-12,148000000,143430000,615900,14800000.0,14343000.0,61590.0,80927384.08,44147908.88,0.833097,0.023017,0.021451,MESGHAL,MESGHAL
2024-06-14,147500000,145100000,596500,14750000.0,14510000.0,59650.0,80653980.75,44661936.69,0.805877,0.022285,0.021468,MESGHAL,MESGHAL
2024-06-15,146000000,145790000,602600,14600000.0,14579000.0,60260.0,79833770.78,44874319.43,0.779053,0.022193,0.021452,MESGHAL,MESGHAL
2024-08-03,155000000,155940000,609000,15500000.0,15594000.0,60900.0,84755030.62,47998500.39,0.765785,0.024408,0.022582,MESGHAL,MESGHAL
2024-08-04,153000000,154210000,614900,15300000.0,15421000.0,61490.0,83661417.32,47466004.52,0.762554,0.024243,0.022599,MESGHAL,MESGHAL
2024-08-05,154500000,152360000,611400,15450000.0,15236000.0,61140.0,84481627.3,46896572.53,0.801446,0.024284,0.02264,MESGHAL,MESGHAL
2024-08-06,154500000,154810000,614010,15450000.0,15481000.0,61401.0,84481627.3,47650685.17,0.772936,0.024391,0.022683,MESGHAL,MESGHAL
2024-08-07,154500000,154230000,610000,15450000.0,15423000.0,61000.0,84481627.3,47472160.55,0.779604,0.024109,0.022686,MESGHAL,MESGHAL
2024-08-09,152000000,152560000,597700,15200000.0,15256000.0,59770.0,83114610.67,46958132.74,0.769973,0.023656,0.02273,MESGHAL,MESGHAL
2024-08-10,149500000,150570000,594100,14950000.0,15057000.0,59410.0,81747594.05,46345608.59,0.763869,0.02247,0.022764,MESGHAL,MESGHAL
2024-08-11,150000000,153460000,600250,15000000.0,15346000.0,60025.0,82020997.38,47235153.72,0.73644,0.022573,0.022823,MESGHAL,MESGHAL
2024-08-12,148500000,151470000,595700,14850000.0,15147000.0,59570.0,81200787.4,46622629.57,0.74166,0.022635,0.022879,MESGHAL,MESGHAL
2024-08-13,145000000,150710000,588350,14500000.0,15071000.0,58835.0,79286964.13,46388700.75,0.709187,0.022644,0.022686,MESGHAL,MESGHAL
2024-08-14,144000000,150190000,587650,14400000.0,15019000.0,58765.0,78740157.48,46228644.18,0.703276,0.022342,0.022691,MESGHAL,MESGHAL
2024-08-16,144000000,150660000,577050,14400000.0,15066000.0,57705.0,78740157.48,46373310.69,0.697963,0.021594,0.022321,MESGHAL,MESGHAL
2024-08-18,150000000,154170000,583100,15000000.0,15417000.0,58310.0,82020997.38,47453692.48,0.728443,0.021653,0.022436,MESGHAL,MESGHAL
2024-08-19,148000000,153230000,579850,14800000.0,15323000.0,57985.0,80927384.08,47164359.47,0.715859,0.021669,0.022301,MESGHAL,MESGHAL
2024-08-20,149000000,154930000,581600,14900000.0,15493000.0,58160.0,81474190.73,47687621.3,0.708498,0.021713,0.022323,MESGHAL,MESGHAL
2024-08-21,150000000,155250000,584100,15000000.0,15525000.0,58410.0,82020997.38,47786117.65,0.716419,0.02171,0.022281,MESGHAL,MESGHAL
2024-08-23,150000000,155390000,582650,15000000.0,15539000.0,58265.0,82020997.38,47829209.8,0.714873,0.021632,0.02217,MESGHAL,MESGHAL
2024-08-25,151000000,156700000,593200,15100000.0,15670000.0,59320.0,82567804.02,48232429.21,0.711873,0.021621,0.022147,MESGHAL,MESGHAL
2024-08-26,149500000,155480000,591250,14950000.0,15548000.0,59125.0,81747594.05,47856911.9,0.708167,0.021667,0.022118,MESGHAL,MESGHAL
2024-08-27,151500000,156530000,590000,15150000.0,15653000.0,59000.0,82841207.35,48180103.03,0.719407,0.021664,0.022117,MESGHAL,MESGHAL
2024-08-28,154000000,157400000,592050,15400000.0,15740000.0,59205.0,84208223.97,48447889.97,0.73812,0.021662,0.022109,MESGHAL,MESGHAL
2024-08-30,152500000,157180000,593900,15250000.0,15718000.0,59390.0,83388014.0,48380173.73,0.723599,0.021481,0.022099,MESGHAL,MESGHAL
2024-08-31,154000000,159160000,594500,15400000.0,15916000.0,59450.0,84208223.97,48989619.87,0.718899,0.017171,0.022042,MESGHAL,MESGHAL
2024-09-02,153920000,157840000,592000,15392000.0,15784000.0,59200.0,84164479.44,48583322.44,0.732374,0.014218,0.022014,MESGHAL,MESGHAL
2024-09-04,154000000,157980000,599400,15400000.0,15798000.0,59940.0,84208223.97,48626414.6,0.731738,0.01419,0.022013,MESGHAL,MESGHAL
2024-09-06,153000000,156060000,599200,15300000.0,15606000.0,59920.0,83661417.32,48035436.52,0.74166,0.014291,0.022019,MESGHAL,MESGHAL
2024-09-07,153500000,156260000,596700,15350000.0,15626000.0,59670.0,83934820.65,48096996.74,0.745116,0.014278,0.022017,MESGHAL,MESGHAL
2024-09-08,154000000,157200000,594400,15400000.0,15720000.0,59440.0,84208223.97,48386329.75,0.740331,0.014058,0.021994,MESGHAL,MESGHAL
2024-09-09,154000000,158270000,594750,15400000.0,15827000.0,59475.0,84208223.97,48715676.91,0.728565,0.014072,0.021999,MESGHAL,MESGHAL
2024-09-10,156000000,158640000,596000,15600000.0,15864000.0,59600.0,85301837.27,48829563.31,0.74693,0.013828,0.02198,MESGHAL,MESGHAL
2024-09-13,158500000,160520000,594900,15850000.0,16052000.0,59490.0,86668853.89,49408229.34,0.754138,0.013817,0.021653,MESGHAL,MESGHAL
2024-09-14,156500000,159880000,594250,15650000.0,15988000.0,59425.0,85575240.59,49211236.65,0.738937,0.01377,0.021398,MESGHAL,MESGHAL
2024-09-15,157000000,160750000,591050,15700000.0,16075000.0,59105.0,85848643.92,49479023.59,0.735051,0.013774,0.021366,MESGHAL,MESGHAL
2024-09-16,158000000,161710000,591900,15800000.0,16171000.0,59190.0,86395450.57,49774512.62,0.735737,0.013653,0.021224,MESGHAL,MESGHAL
2024-09-17,160000000,161610000,595100,16000000.0,16161000.0,59510.0,87489063.87,49743732.52,0.758796,0.013465,0.020928,MESGHAL,MESGHAL
2024-09-18,159000000,161990000,591450,15900000.0,16199000.0,59145.0,86942257.22,49860696.93,0.743703,0.01333,0.020906,MESGHAL,MESGHAL
2024-09-21,162500000,164850000,592500,16250000.0,16485000.0,59250.0,88856080.49,50741008.01,0.751169,0.013517,0.020801,MESGHAL,MESGHAL
2024-09-22,165000000,166790000,595250,16500000.0,16679000.0,59525.0,90223097.11,51338142.11,0.757428,0.013426,0.019512,MESGHAL,MESGHAL
2024-09-23,170000000,169100000,598400,17000000.0,16910000.0,59840.0,92957130.36,52049162.6,0.785949,0.013508,0.019169,MESGHAL,MESGHAL
2024-09-24,167500000,167980000,603150,16750000.0,16798000.0,60315.0,91590113.74,51704425.39,0.771417,0.013501,0.019181,MESGHAL,MESGHAL
2024-09-25,169000000,169170000,602500,16900000.0,16917000.0,60250.0,92410323.71,52070708.68,0.774708,0.013464,0.019163,MESGHAL,MESGHAL
2024-09-27,176000000,174380000,598050,17600000.0,17438000.0,59805.0,96237970.25,53674352.31,0.792997,0.014031,0.019424,MESGHAL,MESGHAL
2024-09-28,170000000,172230000,609450,17000000.0,17223000.0,60945.0,92957130.36,53012579.98,0.753492,0.014205,0.019456,MESGHAL,MESGHAL
2024-09-29,168000000,170640000,606200,16800000.0,17064000.0,60620.0,91863517.06,52523176.27,0.749009,0.014294,0.018918,MESGHAL,MESGHAL
2024-09-30,171000000,175450000,605800,17100000.0,17545000.0,60580.0,93503937.01,54003699.46,0.731436,0.014742,0.01909,MESGHAL,MESGHAL
2024-10-01,175000000,176660000,619850,17500000.0,17666000.0,61985.0,95691163.6,54376138.77,0.759801,0.010979,0.018976,MESGHAL,MESGHAL
2024-10-02,177000000,177790000,621300,17700000.0,17779000.0,62130.0,96784776.9,54723953.99,0.7686,0.010786,0.01882,MESGHAL,MESGHAL
2024-10-04,177000000,177300000,615850,17700000.0,17730000.0,61585.0,96784776.9,54573131.46,0.773488,0.010581,0.018801,MESGHAL,MESGHAL
2024-10-05,180000000,179250000,624350,18000000.0,17925000.0,62435.0,98425196.85,55173343.56,0.783927,0.010472,0.018818,MESGHAL,MESGHAL
2024-10-06,178500000,177610000,634600,17850000.0,17761000.0,63460.0,97604986.88,54668549.79,0.785396,0.010582,0.018648,MESGHAL,MESGHAL
2024-10-07,175500000,174700000,627650,17550000.0,17470000.0,62765.0,95964566.93,53772848.65,0.784629,0.010776,0.018397,MESGHAL,MESGHAL
2024-10-08,175000000,176240000,624800,17500000.0,17624000.0,62480.0,95691163.6,54246862.31,0.763994,0.010528,0.017632,MESGHAL,MESGHAL
2024-10-09,177000000,177310000,628900,17700000.0,17731000.0,62890.0,96784776.9,54576209.47,0.773388,0.01027,0.01758,MESGHAL,MESGHAL
2024-10-11,174500000,174800000,631100,17450000.0,17480000.0,63110.0,95417760.28,53803628.76,0.773445,0.010313,0.017636,MESGHAL,MESGHAL
2024-10-12,176500000,176830000,624750,17650000.0,17683000.0,62475.0,96511373.58,54428464.95,0.773178,0.010308,0.017664,MESGHAL,MESGHAL
2024-10-13,178000000,177870000,628050,17800000.0,17787000.0,62805.0,97331583.55,54748578.07,0.777792,0.010258,0.017444,MESGHAL,MESGHAL
2024-10-14,176500000,177880000,630350,17650000.0,17788000.0,63035.0,96511373.58,54751656.09,0.762711,0.010272,0.017007,MESGHAL,MESGHAL
2024-10-15,179500000,180340000,626850,17950000.0,18034000.0,62685.0,98151793.53,55508846.74,0.768219,0.009962,0.016899,MESGHAL,MESGHAL
2024-10-16,179500000,181070000,633500,17950000.0,18107000.0,63350.0,98151793.53,55733541.53,0.76109,0.009856,0.016889,MESGHAL,MESGHAL
2024-10-18,191000000,184250000,633850,19100000.0,18425000.0,63385.0,104440069.99,56712348.96,0.841575,0.010008,0.016956,MESGHAL,MESGHAL
2024-10-19,189000000,185280000,637950,18900000.0,18528000.0,63795.0,103346456.69,57029384.08,0.812162,0.010007,0.016954,MESGHAL,MESGHAL
2024-10-20,194000000,187300000,642050,19400000.0,18730000.0,64205.0,106080489.94,57651142.26,0.840041,0.010047,0.016915,MESGHAL,MESGHAL
2024-10-21,187000000,192170000,648850,18700000.0,19217000.0,64885.0,102252843.39,59150133.52,0.7287,0.010533,0.017057,MESGHAL,MESGHAL
2024-10-22,193000000,197760000,663150,19300000.0,19776000.0,66315.0,105533683.29,60870741.55,0.733734,0.010963,0.017266,MESGHAL,MESGHAL
2024-10-23,193000000,199150000,676750,19300000.0,19915000.0,67675.0,105533683.29,61298585.05,0.721633,0.010964,0.017266,MESGHAL,MESGHAL
2024-10-30,178000000,199750000,687500,17800000.0,19975000.0,68750.0,97331583.55,61483265.7,0.583058,0.010969,0.017254,MESGHAL,MESGHAL
2024-11-01,185000000,201830000,683650,18500000.0,20183000.0,68365.0,101159230.1,62123491.95,0.628357,0.010946,0.017129,MESGHAL,MESGHAL
2024-11-02,183000000,202750000,694500,18300000.0,20275000.0,69450.0,100065616.8,62406668.94,0.603444,0.010896,0.014583,MESGHAL,MESGHAL
2024-11-03,173000000,199990000,694200,17300000.0,19999000.0,69420.0,94597550.31,61557137.96,0.536744,0.011072,0.012861,MESGHAL,MESGHAL
2024-11-04,172000000,199650000,689400,17200000.0,19965000.0,68940.0,94050743.66,61452485.59,0.530463,0.011102,0.012847,MESGHAL,MESGHAL
2024-11-05,167000000,197780000,698550,16700000.0,19778000.0,69855.0,91316710.41,60876897.57,0.500022,0.011012,0.012878,MESGHAL,MESGHAL
2024-11-06,163000000,196920000,696100,16300000.0,19692000.0,69610.0,89129483.81,60612188.65,0.470488,0.011089,0.01289,MESGHAL,MESGHAL
2024-11-08,157000000,196860000,695400,15700000.0,19686000.0,69540.0,85848643.92,60593720.58,0.416791,0.011118,0.012745,MESGHAL,MESGHAL
2024-11-09,155000000,192500000,691800,15500000.0,19250000.0,69180.0,84755030.62,59251707.87,0.430423,0.011815,0.013031,MESGHAL,MESGHAL
2024-11-10,145000000,183860000,682300,14500000.0,18386000.0,68230.0,79286964.13,56592306.54,0.40102,0.013872,0.013866,MESGHAL,MESGHAL
2024-11-11,157000000,187240000,668800,15700000.0,18724000.0,66880.0,85848643.92,57632674.19,0.489583,0.013993,0.013926,MESGHAL,MESGHAL
2024-11-12,160000000,189550000,679450,16000000.0,18955000.0,67945.0,87489063.87,58343694.69,0.499546,0.014006,0.013917,MESGHAL,MESGHAL
2024-11-13,159000000,186190000,682300,15900000.0,18619000.0,68230.0,86942257.22,57309483.06,0.517066,0.01436,0.014082,MESGHAL,MESGHAL
2024-11-15,158000000,186050000,683750,15800000.0,18605000.0,68375.0,86395450.57,57266390.91,0.508659,0.014367,0.014018,MESGHAL,MESGHAL
2024-11-16,159500000,185770000,682200,15950000.0,18577000.0,68220.0,87215660.54,57180206.61,0.525277,0.014373,0.013936,MESGHAL,MESGHAL
2024-11-17,160000000,188780000,680950,16000000.0,18878000.0,68095.0,87489063.87,58106687.86,0.505663,0.0145,0.013937,MESGHAL,MESGHAL
2024-11-18,165500000,192430000,683850,16550000.0,19243000.0,68385.0,90496500.44,59230161.8,0.527879,0.014538,0.014042,MESGHAL,MESGHAL
2024-11-19,164500000,194660000,690250,16450000.0,19466000.0,69025.0,89949693.79,59916558.21,0.501249,0.014536,0.013993,MESGHAL,MESGHAL
2024-11-20,167500000,195780000,689900,16750000.0,19578000.0,68990.0,91590113.74,60261295.41,0.519883,0.014457,0.013991,MESGHAL,MESGHAL
2024-11-22,171500000,201910000,697400,17150000.0,20191000.0,69740.0,93777340.33,62148116.03,0.508933,0.014948,0.014246,MESGHAL,MESGHAL
2024-11-23,166000000,197790000,698000,16600000.0,19779000.0,69800.0,90769903.76,60879975.59,0.490965,0.015373,0.014451,MESGHAL,MESGHAL
2024-11-24,166100000,193790000,687400,16610000.0,19379000.0,68740.0,90824584.43,59648771.27,0.522656,0.015206,0.014661,MESGHAL,MESGHAL
2024-11-25,166100000,193530000,693350,16610000.0,19353000.0,69335.0,90824584.43,59568742.99,0.524702,0.015054,0.014654,MESGHAL,MESGHAL
2024-11-26,167000000,195390000,695750,16700000.0,19539000.0,69575.0,91316710.41,60141252.99,0.518371,0.014978,0.014643,MESGHAL,MESGHAL
2024-11-27,167500000,197590000,699300,16750000.0,19759000.0,69930.0,91590113.74,60818415.37,0.50596,0.01455,0.014665,MESGHAL,MESGHAL
2024-11-29,170000000,198200000,704950,17000000.0,19820000.0,70495.0,92957130.36,61006174.03,0.523733,0.014537,0.012881,MESGHAL,MESGHAL
2024-11-30,167000000,197730000,702950,16700000.0,19773000.0,70295.0,91316710.41,60861507.52,0.500402,0.014544,0.01281,MESGHAL,MESGHAL
2024-12-01,168200000,198810000,699550,16820000.0,19881000.0,69955.0,91972878.39,61193932.69,0.502974,0.014529,0.012715,MESGHAL,MESGHAL
2024-12-02,168500000,200170000,704800,16850000.0,20017000.0,70480.0,92136920.38,61612542.16,0.495425,0.014489,0.012647,MESGHAL,MESGHAL
2024-12-03,170500000,202980000,712200,17050000.0,20298000.0,71220.0,93230533.68,62477463.19,0.492227,0.014476,0.012679,MESGHAL,MESGHAL
2024-12-06,168500000,199880000,712650,16850000.0,19988000.0,71265.0,92136920.38,61523279.84,0.497594,0.014443,0.012742,MESGHAL,MESGHAL
2024-12-07,170500000,201760000,715350,17050000.0,20176000.0,71535.0,93230533.68,62101945.87,0.50125,0.014449,0.012643,MESGHAL,MESGHAL
2024-12-08,172000000,203240000,718400,17200000.0,20324000.0,71840.0,94050743.66,62557491.47,0.503429,0.014456,0.012539,MESGHAL,MESGHAL
2024-12-09,173200000,206060000,718800,17320000.0,20606000.0,71880.0,94706911.64,63425490.52,0.4932,0.0143,0.01247,MESGHAL,MESGHAL
2024-12-10,175200000,210650000,723650,17520000.0,21065000.0,72365.0,95800524.93,64838297.47,0.47753,0.014515,0.01259,MESGHAL,MESGHAL
2024-12-11,174200000,208740000,732450,17420000.0,20874000.0,73245.0,95253718.29,64250397.41,0.482539,0.014638,0.01264,MESGHAL,MESGHAL
2024-12-13,174500000,210870000,736600,17450000.0,21087000.0,73660.0,95417760.28,64906013.71,0.470091,0.014659,0.012657,MESGHAL,MESGHAL
2024-12-14,173200000,210090000,748550,17320000.0,21009000.0,74855.0,94706911.64,64665928.87,0.464557,0.014623,0.012511,MESGHAL,MESGHAL
2024-12-15,178200000,214110000,745950,17820000.0,21411000.0,74595.0,97440944.88,65903289.21,0.478544,0.014803,0.012575,MESGHAL,MESGHAL
2024-12-16,178000000,212700000,765550,17800000.0,21270000.0,76555.0,97331583.55,65469289.69,0.486675,0.014734,0.012598,MESGHAL,MESGHAL
2024-12-17,177900000,215160000,767200,17790000.0,21516000.0,76720.0,97276902.89,66226480.34,0.468852,0.014781,0.012624,MESGHAL,MESGHAL
2024-12-18,175200000,211010000,771600,17520000.0,21101000.0,77160.0,95800524.93,64949105.86,0.475009,0.015108,0.01285,MESGHAL,MESGHAL
2024-12-20,174000000,211820000,766900,17400000.0,21182000.0,76690.0,95144356.96,65198424.74,0.459305,0.014698,0.012839,MESGHAL,MESGHAL
2024-12-21,173000000,212570000,761600,17300000.0,21257000.0,76160.0,94597550.31,65429275.55,0.445799,0.014134,0.012784,MESGHAL,MESGHAL
2024-12-22,176400000,216100000,762200,17640000.0,21610000.0,76220.0,96456692.91,66515813.36,0.450132,0.014284,0.012853,MESGHAL,MESGHAL
2024-12-23,178000000,218700000,779700,17800000.0,21870000.0,77970.0,97331583.55,67316096.17,0.445889,0.014361,0.012881,MESGHAL,MESGHAL
2024-12-24,179000000,219880000,785200,17900000.0,21988000.0,78520.0,97878390.2,67679301.44,0.446209,0.014316,0.012871,MESGHAL,MESGHAL
2024-12-25,180000000,222730000,784850,18000000.0,22273000.0,78485.0,98425196.85,68556534.52,0.435679,0.014402,0.012873,MESGHAL,MESGHAL
2024-12-27,185000000,227930000,799350,18500000.0,22793000.0,79935.0,101159230.1,70157100.13,0.441896,0.014531,0.012969,MESGHAL,MESGHAL
2024-12-28,181000000,223630000,811550,18100000.0,22363000.0,81155.0,98972003.5,68833555.49,0.437845,0.014871,0.013189,MESGHAL,MESGHAL
2024-12-29,182500000,226530000,796350,18250000.0,22653000.0,79635.0,99792213.47,69726178.62,0.431202,0.014835,0.01311,MESGHAL,MESGHAL
2024-12-30,180000000,227100000,816300,18000000.0,22710000.0,81630.0,98425196.85,69901625.24,0.408053,0.014792,0.013108,MESGHAL,MESGHAL
2024-12-31,177800000,226040000,813200,17780000.0,22604000.0,81320.0,97222222.22,69575356.09,0.397366,0.01483,0.01314,MESGHAL,MESGHAL
2025-01-01,177200000,225160000,812950,17720000.0,22516000.0,81295.0,96894138.23,69304491.14,0.398093,0.014374,0.013163,MESGHAL,MESGHAL
2025-01-03,174700000,223490000,799600,17470000.0,22349000.0,79960.0,95527121.61,68790463.34,0.388668,0.012505,0.013217,MESGHAL,MESGHAL
2025-01-04,174000000,221830000,799600,17400000.0,22183000.0,79960.0,95144356.96,68279513.55,0.393454,0.012444,0.013242,MESGHAL,MESGHAL
2025-01-05,174000000,221640000,794200,17400000.0,22164000.0,79420.0,95144356.96,68221031.34,0.394648,0.012396,0.013226,MESGHAL,MESGHAL
2025-01-06,177000000,226310000,798100,17700000.0,22631000.0,79810.0,96784776.9,69658462.38,0.389419,0.012233,0.01335,MESGHAL,MESGHAL
2025-01-07,177000000,228410000,799000,17700000.0,22841000.0,79900.0,96784776.9,70304844.65,0.376644,0.012228,0.01336,MESGHAL,MESGHAL
2025-01-08,177000000,228840000,803300,17700000.0,22884000.0,80330.0,96784776.9,70437199.11,0.374058,0.012201,0.013353,MESGHAL,MESGHAL
2025-01-10,179000000,231840000,818300,17900000.0,23184000.0,81830.0,97878390.2,71360602.35,0.371603,0.012144,0.013386,MESGHAL,MESGHAL
2025-01-11,175000000,228860000,817650,17500000.0,22886000.0,81765.0,95691163.6,70443355.14,0.358413,0.012206,0.013424,MESGHAL,MESGHAL
2025-01-12,176000000,230770000,806400,17600000.0,23077000.0,80640.0,96237970.25,71031255.2,0.354868,0.01217,0.013406,MESGHAL,MESGHAL
2025-01-14,173000000,227760000,813650,17300000.0,22776000.0,81365.0,94597550.31,70104773.95,0.349374,0.012418,0.013476,MESGHAL,MESGHAL
2025-01-15,172000000,226780000,803350,17200000.0,22678000.0,80335.0,94050743.66,69803128.89,0.347371,0.011733,0.013459,MESGHAL,MESGHAL
2025-01-17,172000000,227590000,796100,17200000.0,22759000.0,79610.0,94050743.66,70052447.77,0.342576,0.011207,0.013454,MESGHAL,MESGHAL
2025-01-18,171000000,227370000,806350,17100000.0,22737000.0,80635.0,93503937.01,69984731.53,0.336062,0.010659,0.013143,MESGHAL,MESGHAL
2025-01-19,173000000,228710000,806400,17300000.0,22871000.0,80640.0,94597550.31,70397184.97,0.343769,0.010637,0.013045,MESGHAL,MESGHAL
2025-01-20,177000000,234510000,808800,17700000.0,23451000.0,80880.0,96784776.9,72182431.24,0.340836,0.011074,0.013181,MESGHAL,MESGHAL
2025-01-21,182000000,237490000,823900,18200000.0,23749000.0,82390.0,99518810.15,73099678.46,0.361412,0.011096,0.012958,MESGHAL,MESGHAL
2025-01-22,185000000,239020000,824800,18500000.0,23902000.0,82480.0,101159230.1,73570614.11,0.374995,0.0111,0.012957,MESGHAL,MESGHAL
2025-01-24,184000000,240740000,829400,18400000.0,24074000.0,82940.0,100612423.45,74100031.97,0.357792,0.011063,0.012959,MESGHAL,MESGHAL
2025-01-25,185000000,242930000,835850,18500000.0,24293000.0,83585.0,101159230.1,74774116.33,0.352864,0.011084,0.012956,MESGHAL,MESGHAL
2025-01-26,185000000,242510000,837400,18500000.0,24251000.0,83740.0,101159230.1,74644839.88,0.355207,0.011116,0.012943,MESGHAL,MESGHAL
2025-01-28,181000000,239780000,836400,18100000.0,23978000.0,83640.0,98972003.5,73804542.93,0.341002,0.01125,0.012968,MESGHAL,MESGHAL
2025-01-29,181000000,241840000,832100,18100000.0,24184000.0,83210.0,98972003.5,74438613.15,0.329579,0.010896,0.012807,MESGHAL,MESGHAL
2025-01-31,185000000,245870000,834700,18500000.0,24587000.0,83470.0,101159230.1,75679051.5,0.336687,0.011024,0.012869,MESGHAL,MESGHAL
2025-02-01,185000000,245310000,838950,18500000.0,24531000.0,83895.0,101159230.1,75506682.9,0.339739,0.011059,0.012882,MESGHAL,MESGHAL
2025-02-02,185000000,247080000,840200,18500000.0,24708000.0,84020.0,101159230.1,76051490.81,0.330141,0.010974,0.012747,MESGHAL,MESGHAL
2025-02-03,188000000,250060000,838200,18800000.0,25006000.0,83820.0,102799650.04,76968738.03,0.335603,0.010697,0.01275,MESGHAL,MESGHAL
2025-02-04,195000000,255670000,845500,19500000.0,25567000.0,84550.0,106627296.59,78695502.09,0.354935,0.010857,0.012895,MESGHAL,MESGHAL
2025-02-05,195000000,258380000,851800,19500000.0,25838000.0,85180.0,106627296.59,79529643.01,0.340724,0.010862,0.012906,MESGHAL,MESGHAL
2025-02-07,210000000,274120000,877600,21000000.0,27412000.0,87760.0,114829396.33,84374432.01,0.36095,0.013598,0.014176,MESGHAL,MESGHAL
2025-02-08,221000000,286680000,888400,22100000.0,28668000.0,88840.0,120844269.47,88240413.57,0.369489,0.014695,0.014814,MESGHAL,MESGHAL
2025-02-10,213000000,277030000,916650,21300000.0,27703000.0,91665.0,116469816.27,85270133.15,0.365892,0.01574,0.015305,MESGHAL,MESGHAL
2025-02-11,202000000,276570000,885700,20200000.0,27657000.0,88570.0,110454943.13,85128544.66,0.297508,0.015757,0.015319,QUARTER,QUARTER
2025-02-12,208000000,283740000,884200,20800000.0,28374000.0,88420.0,113735783.03,87335478.4,0.302286,0.015571,0.015468,QUARTER,QUARTER
2025-02-14,210000000,283470000,903550,21000000.0,28347000.0,90355.0,114829396.33,87252372.11,0.31606,0.015607,0.015314,QUARTER,QUARTER
2025-02-15,207000000,282030000,907350,20700000.0,28203000.0,90735.0,113188976.38,86809138.55,0.303883,0.015696,0.015121,QUARTER,QUARTER
2025-02-16,205000000,280550000,906900,20500000.0,28055000.0,90690.0,112095363.08,86353592.95,0.298097,0.015712,0.015149,QUARTER,QUARTER
2025-02-17,211000000,285080000,908600,21100000.0,28508000.0,90860.0,115376202.97,87747931.85,0.31486,0.015759,0.015202,QUARTER,QUARTER
2025-02-18,217000000,292730000,918700,21700000.0,29273000.0,91870.0,118657042.87,90102610.11,0.31691,0.016054,0.015375,QUARTER,QUARTER
2025-02-19,224000000,299020000,921350,22400000.0,29902000.0,92135.0,122484689.41,92038678.9,0.330796,0.016178,0.015481,QUARTER,QUARTER
2025-02-21,227000000,294220000,930000,22700000.0,29422000.0,93000.0,124125109.36,90561233.72,0.370621,0.016319,0.015514,QUARTER,QUARTER
2025-02-22,218000000,292030000,930850,21800000.0,29203000.0,93085.0,119203849.52,89887149.35,0.32615,0.016019,0.015551,QUARTER,QUARTER
2025-02-23,218000000,288290000,926150,21800000.0,28829000.0,92615.0,119203849.52,88735973.31,0.343354,0.016222,0.015589,QUARTER,QUARTER
2025-02-24,217000000,285040000,913200,21700000.0,28504000.0,91320.0,118657042.87,87735619.8,0.352439,0.016405,0.015648,QUARTER,QUARTER
2025-02-25,220000000,291020000,920550,22000000.0,29102000.0,92055.0,120297462.82,89576270.26,0.342961,0.016497,0.015739,QUARTER,QUARTER
2025-02-26,219000000,287240000,924150,21900000.0,28724000.0,92415.0,119750656.17,88412782.18,0.35445,0.016669,0.015595,QUARTER,QUARTER
2025-02-28,214000000,278840000,922300,21400000.0,27884000.0,92230.0,117016622.92,85827253.11,0.363397,0.017344,0.015123,QUARTER,QUARTER
2025-03-01,220000000,282010000,921150,22000000.0,28201000.0,92115.0,120297462.82,86802982.53,0.385868,0.017264,0.01507,QUARTER,QUARTER
2025-03-02,218000000,276250000,920400,21800000.0,27625000.0,92040.0,119203849.52,85030048.31,0.401903,0.01766,0.015275,QUARTER,QUARTER
2025-03-03,223000000,278930000,907400,22300000.0,27893000.0,90740.0,121937882.76,85854955.2,0.420278,0.01751,0.015105,QUARTER,QUARTER
2025-03-04,220000000,276830000,904300,22000000.0,27683000.0,90430.0,120297462.82,85208572.94,0.4118,0.01759,0.015149,QUARTER,QUARTER
2025-03-05,220000000,275710000,883850,22000000.0,27571000.0,88385.0,120297462.82,84863835.73,0.417535,0.017631,0.015162,QUARTER,QUARTER
2025-03-07,229000000,286560000,896900,22900000.0,28656000.0,89690.0,125218722.66,88203477.44,0.419657,0.018332,0.01555,QUARTER,QUARTER
2025-03-08,241000000,291130000,912450,24100000.0,29113000.0,91245.0,131780402.45,89610128.38,0.470597,0.018204,0.015519,QUARTER,QUARTER
2025-03-09,243000000,291750000,934650,24300000.0,29175000.0,93465.0,132874015.75,89800965.05,0.47965,0.018206,0.015504,QUARTER,QUARTER
2025-03-10,244000000,289130000,924000,24400000.0,28913000.0,92400.0,133420822.4,88994526.22,0.499203,0.018124,0.015569,QUARTER,QUARTER
2025-03-11,247000000,291350000,926350,24700000.0,29135000.0,92635.0,135061242.34,89677844.62,0.506071,0.018066,0.015311,QUARTER,QUARTER
2025-03-12,259000000,295050000,926650,25900000.0,29505000.0,92665.0,141622922.13,90816708.61,0.559437,0.018092,0.015112,QUARTER,QUARTER
2025-03-14,259000000,297610000,918650,25900000.0,29761000.0,91865.0,141622922.13,91604679.38,0.546023,0.018066,0.014887,QUARTER,QUARTER
2025-03-15,280000000,319540000,912900,28000000.0,31954000.0,91290.0,153105861.77,98354757.06,0.55667,0.020626,0.016525,QUARTER,QUARTER
2025-03-16,297000000,333450000,933550,29700000.0,33345000.0,93355.0,162401574.8,102636270.08,0.582302,0.02114,0.01699,QUARTER,QUARTER
2025-03-17,348000000,351340000,973900,34800000.0,35134000.0,97390.0,190288713.91,108142831.4,0.759605,0.022176,0.017699,MESGHAL,MESGHAL
2025-03-24,330000000,343840000,976550,33000000.0,34384000.0,97655.0,180446194.23,105834323.3,0.704987,0.02262,0.017936,MESGHAL,MESGHAL
2025-03-26,339000000,351490000,1018850,33900000.0,35149000.0,101885.0,185367454.07,108189001.56,0.713367,0.022712,0.01799,MESGHAL,MESGHAL
2025-03-28,349000000,358740000,1036950,34900000.0,35874000.0,103695.0,190835520.56,110420559.39,0.728261,0.02278,0.01805,MESGHAL,MESGHAL
2025-04-04,312000000,334470000,1032900,31200000.0,33447000.0,103290.0,170603674.54,102950227.18,0.657147,0.02539,0.019662,MESGHAL,MESGHAL
2025-04-05,322000000,345810000,1028200,32200000.0,34581000.0,102820.0,176071741.03,106440691.43,0.654177,0.025521,0.019862,MESGHAL,MESGHAL
2025-04-06,332000000,338910000,1045350,33200000.0,33891000.0,104535.0,181539807.52,104316863.97,0.740273,0.025863,0.019924,MESGHAL,MESGHAL
2025-04-07,310000000,319340000,1058100,31000000.0,31934000.0,105810.0,169510061.24,98293196.84,0.724535,0.02757,0.021014,MESGHAL,MESGHAL
2025-04-08,310000000,326690000,998800,31000000.0,32669000.0,99880.0,169510061.24,100555534.78,0.685736,0.027649,0.021094,MESGHAL,MESGHAL
2025-04-09,315000000,330810000,999100,31500000.0,33081000.0,99910.0,172244094.49,101823675.23,0.691592,0.027662,0.021089,MESGHAL,MESGHAL
2025-04-11,295000000,319500000,994200,29500000.0,31950000.0,99420.0,161307961.5,98342445.01,0.640268,0.028303,0.021418,MESGHAL,MESGHAL
2025-04-12,270000000,286880000,897950,27000000.0,28688000.0,89795.0,147637795.28,88301973.79,0.671965,0.032346,0.024138,MESGHAL,MESGHAL
2025-04-13,270000000,293250000,850150,27000000.0,29325000.0,85015.0,147637795.28,90262666.67,0.635646,0.032451,0.024206,MESGHAL,MESGHAL
2025-04-14,275000000,292130000,894900,27500000.0,29213000.0,89490.0,150371828.52,89917929.46,0.672323,0.031281,0.024206,MESGHAL,MESGHAL
2025-04-15,275000000,302120000,880200,27500000.0,30212000.0,88020.0,150371828.52,92992862.25,0.617025,0.030964,0.024362,MESGHAL,MESGHAL
2025-04-16,275500000,297510000,880200,27550000.0,29751000.0,88020.0,150645231.85,91573899.27,0.645067,0.030614,0.024421,MESGHAL,MESGHAL
2025-04-18,260000000,283720000,849650,26000000.0,28372000.0,84965.0,142169728.78,87329322.38,0.627972,0.031433,0.024971,MESGHAL,MESGHAL
2025-04-19,260000000,284020000,829100,26000000.0,28402000.0,82910.0,142169728.78,87421662.7,0.626253,0.031209,0.024857,MESGHAL,MESGHAL
2025-04-20,256000000,287330000,831050,25600000.0,28733000.0,83105.0,139982502.19,88440484.28,0.582788,0.031251,0.024871,MESGHAL,MESGHAL
2025-04-21,251000000,284730000,818900,25100000.0,28473000.0,81890.0,137248468.94,87640201.47,0.566045,0.031273,0.024907,MESGHAL,MESGHAL
2025-04-22,247000000,281960000,813150,24700000.0,28196000.0,81315.0,135061242.34,86787592.48,0.556228,0.031299,0.024907,MESGHAL,MESGHAL
2025-04-25,244000000,288540000,795650,24400000.0,28854000.0,79565.0,133420822.4,88812923.58,0.502268,0.031396,0.024979,MESGHAL,MESGHAL
2025-04-26,246000000,289950000,829250,24600000.0,28995000.0,82925.0,134514435.7,89246923.1,0.507217,0.031157,0.024978,MESGHAL,MESGHAL
2025-04-27,246000000,283050000,832650,24600000.0,28305000.0,83265.0,134514435.7,87123095.65,0.543958,0.031187,0.025119,MESGHAL,MESGHAL
2025-04-28,244000000,281120000,808750,24400000.0,28112000.0,80875.0,133420822.4,86529039.57,0.54192,0.031116,0.025046,MESGHAL,MESGHAL
2025-04-29,247000000,281050000,808850,24700000.0,28105000.0,80885.0,135061242.34,86507493.49,0.561266,0.031098,0.024944,MESGHAL,MESGHAL
2025-04-30,246000000,278320000,814000,24600000.0,27832000.0,81400.0,134514435.7,85667196.55,0.570198,0.031074,0.024955,MESGHAL,MESGHAL
2025-05-02,265000000,293550000,850200,26500000.0,29355000.0,85020.0,144903762.03,90355006.99,0.603716,0.032063,0.025546,MESGHAL,MESGHAL
2025-05-03,280000000,294840000,851650,28000000.0,29484000.0,85165.0,153105861.77,90752070.39,0.687078,0.031928,0.025533,MESGHAL,MESGHAL
2025-05-04,277000000,293660000,862400,27700000.0,29366000.0,86240.0,151465441.82,90388865.11,0.675709,0.031869,0.025533,MESGHAL,MESGHAL
2025-05-05,266000000,289750000,842700,26600000.0,28975000.0,84270.0,145450568.68,89185362.89,0.630879,0.031619,0.025568,MESGHAL,MESGHAL
2025-05-06,261000000,288630000,823400,26100000.0,28863000.0,82340.0,142716535.43,88840625.68,0.606433,0.031591,0.025554,MESGHAL,MESGHAL
2025-05-07,263000000,290250000,821200,26300000.0,29025000.0,82120.0,143810148.73,89339263.43,0.609708,0.031431,0.025552,MESGHAL,MESGHAL
2025-05-09,258000000,291020000,819650,25800000.0,29102000.0,81965.0,141076115.49,89576270.26,0.574927,0.031408,0.025483,MESGHAL,MESGHAL
2025-05-10,260000000,287410000,834150,26000000.0,28741000.0,83415.0,142169728.78,88465108.36,0.607071,0.031447,0.025526,MESGHAL,MESGHAL
2025-05-11,253000000,283440000,831000,25300000.0,28344000.0,83100.0,138342082.24,87243138.08,0.585707,0.031517,0.025586,MESGHAL,MESGHAL
2025-05-12,251000000,284780000,835900,25100000.0,28478000.0,83590.0,137248468.94,87655591.52,0.56577,0.030993,0.025563,MESGHAL,MESGHAL
2025-05-13,249000000,280040000,835600,24900000.0,28004000.0,83560.0,136154855.64,86196614.4,0.579585,0.031,0.025591,MESGHAL,MESGHAL
2025-05-14,250000000,278920000,831650,25000000.0,27892000.0,83165.0,136701662.29,85851877.19,0.592297,0.031003,0.025593,MESGHAL,MESGHAL
2025-05-16,242000000,273210000,829700,24200000.0,27321000.0,82970.0,132327209.1,84094333.03,0.573557,0.031118,0.025655,MESGHAL,MESGHAL
2025-05-17,237000000,269320000,822750,23700000.0,26932000.0,82275.0,129593175.85,82896986.83,0.563304,0.031154,0.025705,MESGHAL,MESGHAL
2025-05-18,234000000,271010000,817400,23400000.0,27101000.0,81740.0,127952755.91,83417170.65,0.53389,0.031104,0.025708,MESGHAL,MESGHAL
2025-05-19,250000000,285490000,817900,25000000.0,28549000.0,81790.0,136701662.29,87874130.29,0.555653,0.03211,0.026258,MESGHAL,MESGHAL
2025-05-20,250000000,280830000,841400,25000000.0,28083000.0,84140.0,136701662.29,86439777.26,0.581467,0.030178,0.026333,MESGHAL,MESGHAL
2025-05-21,249000000,282830000,824600,24900000.0,28283000.0,82460.0,136154855.64,87055379.42,0.564003,0.029414,0.026227,MESGHAL,MESGHAL
2025-05-23,244000000,284610000,832500,24400000.0,28461000.0,83250.0,133420822.4,87603265.34,0.523012,0.028182,0.026208,MESGHAL,MESGHAL
2025-05-24,241000000,283120000,828200,24100000.0,28312000.0,82820.0,131780402.45,87144641.73,0.512203,0.028064,0.026216,MESGHAL,MESGHAL
2025-05-25,241000000,280400000,823950,24100000.0,28040000.0,82395.0,131780402.45,86307422.79,0.526872,0.027796,0.02624,MESGHAL,MESGHAL
2025-05-26,242000000,279810000,822150,24200000.0,27981000.0,82215.0,132327209.1,86125820.16,0.536441,0.027538,0.026233,MESGHAL,MESGHAL
2025-05-27,241000000,279010000,828500,24100000.0,27901000.0,82850.0,131780402.45,85879579.29,0.534479,0.025875,0.026235,MESGHAL,MESGHAL
2025-05-28,239000000,279010000,824450,23900000.0,27901000.0,82445.0,130686789.15,85879579.29,0.521745,0.025256,0.026198,MESGHAL,MESGHAL
2025-05-30,236000000,279280000,827700,23600000.0,27928000.0,82770.0,129046369.2,85962685.58,0.501191,0.025158,0.026189,MESGHAL,MESGHAL
2025-05-31,232000000,277950000,825350,23200000.0,27795000.0,82535.0,126859142.61,85553310.15,0.482808,0.023818,0.026152,MESGHAL,MESGHAL
2025-06-01,239000000,286450000,821250,23900000.0,28645000.0,82125.0,130686789.15,88169619.33,0.48222,0.024025,0.026323,MESGHAL,MESGHAL
2025-06-02,239000000,287110000,825750,23900000.0,28711000.0,82575.0,130686789.15,88372768.04,0.478813,0.023928,0.026317,MESGHAL,MESGHAL
2025-06-06,236000000,278630000,835500,23600000.0,27863000.0,83550.0,129046369.2,85762614.88,0.504693,0.023802,0.026501,MESGHAL,MESGHAL
2025-06-07,238000000,281560000,818500,23800000.0,28156000.0,81850.0,130139982.5,86664472.04,0.501653,0.01857,0.026426,MESGHAL,MESGHAL
2025-06-08,236000000,283730000,823450,23600000.0,28373000.0,82345.0,129046369.2,87332400.39,0.477646,0.018301,0.026417,MESGHAL,MESGHAL
2025-06-09,237000000,279950000,824650,23700000.0,27995000.0,82465.0,129593175.85,86168912.31,0.503944,0.018392,0.025694,MESGHAL,MESGHAL
2025-06-10,239000000,285070000,819400,23900000.0,28507000.0,81940.0,130686789.15,87744853.84,0.489395,0.017862,0.025315,MESGHAL,MESGHAL
2025-06-11,248000000,293460000,829000,24800000.0,29346000.0,82900.0,135608048.99,90327304.9,0.501296,0.018286,0.025239,MESGHAL,MESGHAL
2025-06-25,246000000,290960000,829900,24600000.0,29096000.0,82990.0,134514435.7,89557802.2,0.501985,0.016964,0.025257,MESGHAL,MESGHAL
2025-06-27,246000000,292040000,835900,24600000.0,29204000.0,83590.0,134514435.7,89890227.36,0.49643,0.01697,0.02512,MESGHAL,MESGHAL
2025-06-28,258000000,306120000,846400,25800000.0,30612000.0,84640.0,141076115.49,94224066.57,0.497241,0.018295,0.025609,MESGHAL,MESGHAL
2025-06-29,274000000,318010000,881800,27400000.0,31801000.0,88180.0,149825021.87,97883821.41,0.530641,0.019025,0.025902,MESGHAL,MESGHAL
2025-06-30,261000000,320640000,918450,26100000.0,32064000.0,91845.0,142716535.43,98693338.25,0.44606,0.018949,0.0259,MESGHAL,MESGHAL
2025-07-01,263000000,324540000,917400,26300000.0,32454000.0,91740.0,143810148.73,99893762.46,0.439631,0.018754,0.025879,MESGHAL,MESGHAL
2025-07-02,262000000,322220000,915800,26200000.0,32222000.0,91580.0,143263342.08,99179663.95,0.444483,0.018808,0.025758,MESGHAL,MESGHAL
2025-07-06,253000000,309210000,906500,25300000.0,30921000.0,90650.0,138342082.24,95175171.9,0.453552,0.019471,0.026037,MESGHAL,MESGHAL
2025-07-07,243000000,301050000,883500,24300000.0,30105000.0,88350.0,132874015.75,92663515.09,0.433941,0.01988,0.026134,MESGHAL,MESGHAL
2025-07-08,253000000,304930000,870700,25300000.0,30493000.0,87070.0,138342082.24,93857783.28,0.473954,0.019946,0.026151,MESGHAL,MESGHAL
2025-07-09,253000000,306050000,878500,25300000.0,30605000.0,87850.0,138342082.24,94202520.49,0.46856,0.019868,0.026112,MESGHAL,MESGHAL
2025-07-11,250000000,301650000,880150,25000000.0,30165000.0,88015.0,136701662.29,92848195.74,0.472314,0.018372,0.026131,MESGHAL,MESGHAL
2025-07-12,254000000,310640000,871600,25400000.0,31064000.0,87160.0,138888888.89,95615327.45,0.45258,0.018859,0.026222,MESGHAL,MESGHAL
2025-07-14,247500000,308510000,891000,24750000.0,30851000.0,89100.0,135334645.67,94959711.15,0.42518,0.018881,0.026193,MESGHAL,MESGHAL
2025-07-15,252000000,308740000,886200,25200000.0,30874000.0,88620.0,137795275.59,95030505.4,0.450011,0.018753,0.025995,MESGHAL,MESGHAL
2025-07-16,250000000,306690000,888500,25000000.0,30669000.0,88850.0,136701662.29,94399513.18,0.448118,0.018776,0.025987,MESGHAL,MESGHAL
2025-07-18,246000000,302520000,887000,24600000.0,30252000.0,88700.0,134514435.7,93115982.68,0.44459,0.018896,0.025933,MESGHAL,MESGHAL
2025-07-19,242000000,300730000,874800,24200000.0,30073000.0,87480.0,132327209.1,92565018.75,0.42956,0.018922,0.025929,MESGHAL,MESGHAL
2025-07-20,247000000,306770000,868000,24700000.0,30677000.0,86800.0,135061242.34,94424137.27,0.430368,0.01902,0.025988,MESGHAL,MESGHAL
2025-07-21,246000000,311040000,879400,24600000.0,31104000.0,87940.0,134514435.7,95738447.88,0.40502,0.018959,0.026014,MESGHAL,MESGHAL
2025-07-22,247000000,309040000,882200,24700000.0,30904000.0,88220.0,135061242.34,95122845.72,0.419861,0.018998,0.025718,MESGHAL,MESGHAL
2025-07-23,247000000,307910000,880900,24700000.0,30791000.0,88090.0,135061242.34,94775030.5,0.425072,0.01881,0.025675,MESGHAL,MESGHAL
2025-07-25,245000000,303720000,884000,24500000.0,30372000.0,88400.0,133967629.05,93485343.97,0.433033,0.018934,0.02572,MESGHAL,MESGHAL
2025-07-26,247000000,304430000,880800,24700000.0,30443000.0,88080.0,135061242.34,93703882.74,0.441362,0.018627,0.025699,MESGHAL,MESGHAL
2025-07-27,251000000,308620000,881500,25100000.0,30862000.0,88150.0,137248468.94,94993569.27,0.444819,0.018522,0.025725,MESGHAL,MESGHAL
2025-07-28,249000000,309510000,892350,24900000.0,30951000.0,89235.0,136154855.64,95267512.23,0.429185,0.018516,0.025696,MESGHAL,MESGHAL
2025-07-29,249000000,309700000,892100,24900000.0,30970000.0,89210.0,136154855.64,95325994.43,0.428308,0.016893,0.025683,MESGHAL,MESGHAL
2025-07-30,252000000,312370000,896100,25200000.0,31237000.0,89610.0,137795275.59,96147823.32,0.433161,0.016693,0.024509,MESGHAL,MESGHAL
2025-08-01,263000000,320380000,905400,26300000.0,32038000.0,90540.0,143810148.73,98613309.97,0.458324,0.017026,0.024226,MESGHAL,MESGHAL
2025-08-02,262000000,325410000,912450,26200000.0,32541000.0,91245.0,143263342.08,100161549.4,0.430323,0.017124,0.023609,MESGHAL,MESGHAL
2025-08-03,267000000,332430000,924300,26700000.0,33243000.0,92430.0,145997375.33,102322312.98,0.426838,0.017288,0.023618,MESGHAL,MESGHAL
2025-08-04,264000000,331350000,937500,26400000.0,33135000.0,93750.0,144356955.38,101989887.81,0.415405,0.017204,0.023501,MESGHAL,MESGHAL
2025-08-05,262000000,328940000,933050,26200000.0,32894000.0,93305.0,143263342.08,101248087.21,0.414973,0.017261,0.023405,MESGHAL,MESGHAL
2025-08-06,264000000,328990000,929050,26400000.0,32899000.0,92905.0,144356955.38,101263477.26,0.425558,0.017241,0.022303,MESGHAL,MESGHAL
2025-08-09,255000000,323040000,933250,25500000.0,32304000.0,93325.0,139435695.54,99432060.84,0.402321,0.017534,0.022091,MESGHAL,MESGHAL
2025-08-10,256000000,324540000,917600,25600000.0,32454000.0,91760.0,139982502.19,99893762.46,0.401314,0.017531,0.022001,MESGHAL,MESGHAL
2025-08-11,256000000,324750000,920800,25600000.0,32475000.0,92080.0,139982502.19,99958400.68,0.400408,0.017492,0.02114,MESGHAL,MESGHAL
2025-08-12,254000000,322670000,930500,25400000.0,32267000.0,93050.0,138888888.89,99318174.44,0.398424,0.01707,0.021015,MESGHAL,MESGHAL
2025-08-13,258000000,330170000,924700,25800000.0,33017000.0,92470.0,141076115.49,101626682.54,0.38818,0.017333,0.021115,MESGHAL,MESGHAL
2025-08-16,251000000,320520000,933050,25100000.0,32052000.0,93305.0,137248468.94,98656402.12,0.391177,0.01732,0.021031,MESGHAL,MESGHAL
2025-08-17,253000000,325390000,927300,25300000.0,32539000.0,92730.0,138342082.24,100155393.38,0.381274,0.017378,0.018074,MESGHAL,MESGHAL
2025-08-18,258000000,328620000,934250,25800000.0,32862000.0,93425.0,141076115.49,101149590.86,0.394727,0.017393,0.017964,MESGHAL,MESGHAL
2025-08-19,255000000,329020000,938050,25500000.0,32902000.0,93805.0,139435695.54,101272711.3,0.376834,0.017213,0.017955,MESGHAL,MESGHAL
2025-08-20,258000000,334930000,934400,25800000.0,33493000.0,93440.0,141076115.49,103091815.68,0.368451,0.017207,0.017705,MESGHAL,MESGHAL
2025-08-21,267000000,339830000,939950,26700000.0,33983000.0,93995.0,145997375.33,104600040.97,0.395768,0.01685,0.017672,MESGHAL,MESGHAL
2025-08-23,264000000,336360000,935600,26400000.0,33636000.0,93560.0,144356955.38,103531971.22,0.394322,0.016879,0.016974,MESGHAL,MESGHAL
2025-08-25,267000000,340620000,947700,26700000.0,34062000.0,94770.0,145997375.33,104843203.82,0.392531,0.016934,0.01701,MESGHAL,MESGHAL
2025-08-26,268000000,345110000,959100,26800000.0,34511000.0,95910.0,146544181.98,106225230.67,0.379561,0.015618,0.01702,MESGHAL,MESGHAL
2025-08-27,290000000,359410000,999950,29000000.0,35941000.0,99995.0,158573928.26,110626786.11,0.433413,0.015756,0.017467,MESGHAL,MESGHAL
2025-08-28,288000000,361450000,1000000,28800000.0,36145000.0,100000.0,157480314.96,111254700.31,0.415494,0.01574,0.017419,MESGHAL,MESGHAL
2025-08-30,306000000,372950000,1003700,30600000.0,37295000.0,100370.0,167322834.65,114794412.73,0.457587,0.016258,0.017552,MESGHAL,MESGHAL
2025-08-31,311000000,387310000,1024900,31100000.0,38731000.0,102490.0,170056867.89,119214436.24,0.426479,0.016987,0.017941,MESGHAL,MESGHAL
2025-09-02,300000000,379740000,1055700,30000000.0,37974000.0,105570.0,164041994.75,116884382.07,0.403455,0.016022,0.017875,MESGHAL,MESGHAL
2025-09-03,292000000,379530000,1032700,29200000.0,37953000.0,103270.0,159667541.56,116819743.84,0.366786,0.015346,0.017847,MESGHAL,MESGHAL
2025-09-04,287000000,373120000,1023900,28700000.0,37312000.0,102390.0,156933508.31,114846738.92,0.36646,0.015642,0.017971,MESGHAL,MESGHAL
2025-09-06,289000000,379660000,1012100,28900000.0,37966000.0,101210.0,158027121.61,116859757.98,0.35228,0.015757,0.017978,MESGHAL,MESGHAL
2025-09-07,285000000,381990000,1027100,28500000.0,38199000.0,102710.0,155839895.01,117576934.5,0.325429,0.015486,0.017146,MESGHAL,MESGHAL
2025-09-08,286000000,381430000,1025700,28600000.0,38143000.0,102570.0,156386701.66,117404565.89,0.332033,0.015071,0.017152,MESGHAL,MESGHAL
2025-09-09,286000000,383440000,1005950,28600000.0,38344000.0,100595.0,156386701.66,118023246.06,0.32505,0.01497,0.017137,MESGHAL,MESGHAL
2025-09-11,284000000,374570000,990250,28400000.0,37457000.0,99025.0,155293088.36,115293050.48,0.346942,0.015523,0.017272,MESGHAL,MESGHAL
2025-09-13,266000000,366470000,992000,26600000.0,36647000.0,99200.0,145450568.68,112799861.74,0.289457,0.015912,0.01745,QUARTER,QUARTER
2025-09-14,269000000,364910000,978100,26900000.0,36491000.0,97810.0,147090988.63,112319692.05,0.309574,0.01574,0.017463,QUARTER,QUARTER
2025-09-15,275000000,375930000,981000,27500000.0,37593000.0,98100.0,150371828.52,115711659.95,0.299539,0.016115,0.0177,QUARTER,QUARTER
2025-09-16,278000000,383120000,992000,27800000.0,38312000.0,99200.0,152012248.47,117924749.72,0.289061,0.016096,0.017703,QUARTER,QUARTER
2025-09-17,277000000,383050000,996000,27700000.0,38305000.0,99600.0,151465441.82,117903203.64,0.284659,0.016058,0.017614,QUARTER,QUARTER
2025-09-18,272000000,378650000,992700,27200000.0,37865000.0,99270.0,148731408.57,116548878.89,0.276129,0.016154,0.017683,QUARTER,QUARTER
2025-09-20,311000000,400010000,1006100,31100000.0,40001000.0,100610.0,170056867.89,123123509.95,0.381189,0.017809,0.01841,QUARTER,QUARTER
2025-09-21,326000000,419050000,1027100,32600000.0,41905000.0,102710.0,178258967.63,128984042.51,0.382023,0.018581,0.018943,QUARTER,QUARTER
2025-09-22,314000000,405380000,1063100,31400000.0,40538000.0,106310.0,171697287.84,124776401.75,0.37604,0.019483,0.019164,QUARTER,QUARTER
2025-09-23,320000000,417980000,1041100,32000000.0,41798000.0,104110.0,174978127.73,128654695.36,0.36006,0.01979,0.019258,QUARTER,QUARTER
2025-09-24,331000000,430820000,1047200,33100000.0,43082000.0,104720.0,180993000.87,132606861.22,0.364884,0.020086,0.019445,QUARTER,QUARTER
2025-09-25,332000000,432120000,1072850,33200000.0,43212000.0,107285.0,181539807.52,133007002.63,0.364889,0.02007,0.018766,QUARTER,QUARTER
2025-09-27,348000000,448590000,1084150,34800000.0,44859000.0,108415.0,190288713.91,138076486.41,0.37814,0.020567,0.018952,QUARTER,QUARTER
2025-09-28,335000000,440110000,1103100,33500000.0,44011000.0,110310.0,183180227.47,135466333.26,0.35222,0.020779,0.019121,QUARTER,QUARTER
2025-09-29,353000000,453140000,1111450,35300000.0,45314000.0,111145.0,193022747.16,139476981.33,0.383904,0.021004,0.019293,QUARTER,QUARTER
2025-09-30,346000000,462320000,1120600,34600000.0,46232000.0,112060.0,189195100.61,142302595.24,0.329527,0.020985,0.019322,QUARTER,QUARTER
2025-10-01,349000000,472350000,1138700,34900000.0,47235000.0,113870.0,190835520.56,145389840.07,0.312578,0.021021,0.019326,QUARTER,QUARTER
2025-10-02,358000000,480050000,1158700,35800000.0,48005000.0,115870.0,195756780.4,147759908.39,0.32483,0.020925,0.019337,QUARTER,QUARTER
2025-10-04,344000000,474490000,1170550,34400000.0,47449000.0,117055.0,188101487.31,146048534.38,0.287938,0.021101,0.019403,QUARTER,QUARTER
2025-10-05,332000000,459310000,1151300,33200000.0,45931000.0,115130.0,181539807.52,141376113.99,0.284091,0.021583,0.019801,QUARTER,QUARTER
2025-10-06,331000000,456120000,1133400,33100000.0,45612000.0,113340.0,180993000.87,140394228.55,0.289177,0.021692,0.01984,QUARTER,QUARTER
2025-10-07,339000000,473450000,1110700,33900000.0,47345000.0,111070.0,185367454.07,145728421.26,0.272006,0.022111,0.020095,QUARTER,QUARTER
2025-10-08,357000000,492540000,1138300,35700000.0,49254000.0,113830.0,195209973.75,151604343.87,0.287628,0.022474,0.020252,QUARTER,QUARTER
2025-10-09,348000000,482590000,1156150,34800000.0,48259000.0,115615.0,190288713.91,148541723.13,0.281046,0.022802,0.020437,QUARTER,QUARTER
2025-10-11,334000000,473000000,1124300,33400000.0,47300000.0,112430.0,182633420.82,145589910.77,0.254437,0.022495,0.020275,QUARTER,QUARTER
2025-10-12,333000000,469710000,1123850,33300000.0,46971000.0,112385.0,182086614.17,144577245.22,0.259442,0.022595,0.020315,QUARTER,QUARTER
2025-10-13,332000000,473640000,1118800,33200000.0,47364000.0,111880.0,181539807.52,145786903.46,0.245241,0.022594,0.020316,QUARTER,QUARTER
2025-10-14,322000000,469730000,1105800,32200000.0,46973000.0,110580.0,176071741.03,144583401.24,0.217787,0.022704,0.020269,QUARTER,QUARTER
2025-10-15,329000000,483820000,1086700,32900000.0,48382000.0,108670.0,179899387.58,148920318.46,0.208024,0.022888,0.020385,QUARTER,QUARTER
2025-10-16,336000000,488310000,1098100,33600000.0,48831000.0,109810.0,183727034.12,150302345.31,0.222383,0.022869,0.020238,QUARTER,QUARTER
2025-10-18,323000000,469820000,1100700,32300000.0,46982000.0,110070.0,176618547.68,144611103.34,0.221335,0.023716,0.020698,QUARTER,QUARTER
2025-10-19,337000000,480450000,1073050,33700000.0,48045000.0,107305.0,184273840.77,147883028.82,0.246078,0.023807,0.020774,QUARTER,QUARTER
2025-10-20,338000000,475310000,1086600,33800000.0,47531000.0,108660.0,184820647.42,146300931.27,0.263291,0.02395,0.02035,QUARTER,QUARTER
2025-10-21,334000000,472780000,1063600,33400000.0,47278000.0,106360.0,182633420.82,145522194.54,0.255021,0.023461,0.020061,QUARTER,QUARTER
2025-10-22,334000000,470460000,1078200,33400000.0,47046000.0,107820.0,182633420.82,144808096.03,0.26121,0.02352,0.020082,QUARTER,QUARTER
2025-10-23,336000000,471850000,1078450,33600000.0,47185000.0,107845.0,183727034.12,145235939.53,0.265025,0.023203,0.020066,QUARTER,QUARTER
2025-10-25,336000000,461180000,1071200,33600000.0,46118000.0,107120.0,183727034.12,141951702.01,0.294293,0.02302,0.02023,QUARTER,QUARTER
2025-10-26,335000000,465430000,1068850,33500000.0,46543000.0,106885.0,183180227.47,143259856.6,0.278657,0.022751,0.019676,QUARTER,QUARTER
2025-10-27,331100000,456790000,1079150,33110000.0,45679000.0,107915.0,181047681.54,140600455.27,0.287675,0.022998,0.019555,QUARTER,QUARTER
2025-10-28,328000000,448350000,1078550,32800000.0,44835000.0,107855.0,179352580.93,138002614.15,0.299632,0.023032,0.019687,QUARTER,QUARTER
2025-10-29,333800000,452970000,1069050,33380000.0,45297000.0,106905.0,182524059.49,139424655.14,0.309123,0.022965,0.019697,QUARTER,QUARTER
2025-10-30,333200000,449680000,1071300,33320000.0,44968000.0,107130.0,182195975.5,138411989.59,0.316331,0.023024,0.019635,QUARTER,QUARTER
2025-11-01,337900000,460400000,1073800,33790000.0,46040000.0,107380.0,184765966.75,141711617.17,0.303817,0.023195,0.01956,QUARTER,QUARTER
2025-11-02,335400000,454690000,1087200,33540000.0,45469000.0,108720.0,183398950.13,139954073.0,0.310422,0.023327,0.019604,QUARTER,QUARTER
2025-11-03,335000000,454370000,1087850,33500000.0,45437000.0,108785.0,183180227.47,139855576.66,0.309781,0.022978,0.019608,QUARTER,QUARTER
2025-11-04,334500000,453630000,1079300,33450000.0,45363000.0,107930.0,182906824.15,139627803.86,0.30996,0.022658,0.019583,QUARTER,QUARTER
2025-11-05,333000000,453590000,1082100,33300000.0,45359000.0,108210.0,182086614.17,139615491.81,0.304201,0.022628,0.019495,QUARTER,QUARTER
2025-11-06,336000000,454980000,1078700,33600000.0,45498000.0,107870.0,183727034.12,140043335.31,0.31193,0.022311,0.019464,QUARTER,QUARTER
2025-11-08,332000000,451790000,1079200,33200000.0,45179000.0,107920.0,181539807.52,139061449.87,0.305465,0.022263,0.019434,QUARTER,QUARTER
2025-11-09,333900000,453430000,1077450,33390000.0,45343000.0,107745.0,182578740.16,139566243.64,0.308187,0.022254,0.019409,QUARTER,QUARTER
2025-11-10,336000000,457750000,1078500,33600000.0,45775000.0,107850.0,183727034.12,140895944.31,0.303991,0.022144,0.019382,QUARTER,QUARTER
2025-11-11,343800000,477910000,1076400,34380000.0,47791000.0,107640.0,187992125.98,147101214.08,0.277978,0.021567,0.019798,QUARTER,QUARTER
2025-11-12,350600000,493690000,1102100,35060000.0,49369000.0,110210.0,191710411.2,151958315.12,0.261599,0.021015,0.019911,QUARTER,QUARTER
2025-11-13,364900000,500550000,1125400,36490000.0,50055000.0,112540.0,199529746.28,154069830.52,0.29506,0.020328,0.019927,QUARTER,QUARTER
2025-11-15,353200000,486280000,1121000,35320000.0,48628000.0,112100.0,193132108.49,149677509.11,0.290322,0.020519,0.020228,QUARTER,QUARTER
2025-11-17,342100000,484380000,1123200,34210000.0,48438000.0,112320.0,187062554.68,149092687.06,0.254673,0.020133,0.02025,QUARTER,QUARTER
2025-11-18,344000000,481980000,1124900,34400000.0,48198000.0,112490.0,188101487.31,148353964.47,0.267924,0.020165,0.020272,QUARTER,QUARTER
2025-11-19,349400000,491530000,1126700,34940000.0,49153000.0,112670.0,191054243.22,151293464.78,0.262806,0.019623,0.020328,QUARTER,QUARTER
2025-11-20,348200000,491580000,1134750,34820000.0,49158000.0,113475.0,190398075.24,151308854.84,0.258341,0.019366,0.020219,QUARTER,QUARTER
2025-11-22,342600000,481960000,1135100,34260000.0,48196000.0,113510.0,187335958.01,148347808.45,0.262816,0.019201,0.020349,QUARTER,QUARTER
2025-11-23,349600000,488450000,1127350,34960000.0,48845000.0,112735.0,191163604.55,150345437.46,0.271496,0.019079,0.020291,QUARTER,QUARTER
2025-11-25,353500000,491970000,1133150,35350000.0,49197000.0,113315.0,193296150.48,151428897.26,0.276481,0.018855,0.020276,QUARTER,QUARTER
2025-11-26,355000000,498030000,1134500,35500000.0,49803000.0,113450.0,194116360.45,153294171.8,0.2663,0.018793,0.020253,QUARTER,QUARTER
2025-11-27,352600000,496750000,1136150,35260000.0,49675000.0,113615.0,192804024.5,152900186.42,0.26098,0.018706,0.020262,QUARTER,QUARTER
2025-11-29,367900000,512580000,1140000,36790000.0,51258000.0,114000.0,201170166.23,157772677.51,0.275063,0.018556,0.020311,QUARTER,QUARTER
2025-12-01,373600000,529000000,1176600,37360000.0,52900000.0,117660.0,204286964.13,162826771.25,0.254628,0.018994,0.020503,QUARTER,QUARTER
2025-12-02,370300000,524950000,1191050,37030000.0,52495000.0,119105.0,202482502.19,161580176.87,0.25314,0.018331,0.020544,QUARTER,QUARTER
2025-12-03,378000000,532550000,1190450,37800000.0,53255000.0,119045.0,206692913.39,163919465.08,0.260942,0.017523,0.020525,QUARTER,QUARTER
2025-12-04,376100000,530650000,1203250,37610000.0,53065000.0,120325.0,205653980.75,163334643.03,0.259096,0.017226,0.020464,QUARTER,QUARTER
2025-12-06,389700000,539240000,1197250,38970000.0,53924000.0,119725.0,213090551.18,165978654.3,0.283843,0.017015,0.02016,QUARTER,QUARTER
2025-12-07,396400000,550500000,1221250,39640000.0,55050000.0,122125.0,216754155.73,169444494.46,0.279204,0.017145,0.020197,QUARTER,QUARTER
2025-12-08,403400000,550710000,1240450,40340000.0,55071000.0,124045.0,220581802.27,169509132.69,0.301297,0.017137,0.020202,QUARTER,QUARTER
2025-12-09,403200000,549340000,1259750,40320000.0,54934000.0,125975.0,220472440.94,169087445.21,0.303896,0.01707,0.020215,QUARTER,QUARTER
2025-12-10,405700000,549370000,1249800,40570000.0,54937000.0,124980.0,221839457.57,169096679.24,0.311909,0.016607,0.020184,QUARTER,QUARTER
2025-12-11,417000000,555810000,1246800,41700000.0,55581000.0,124680.0,228018372.7,171078918.2,0.332826,0.016631,0.020172,QUARTER,QUARTER
2025-12-13,428700000,578640000,1276850,42870000.0,57864000.0,127685.0,234416010.5,178106016.85,0.31616,0.016388,0.020437,QUARTER,QUARTER
2025-12-15,437700000,589120000,1299700,43770000.0,58912000.0,129970.0,239337270.34,181331772.17,0.319886,0.016292,0.020464,QUARTER,QUARTER
2025-12-16,435000000,586620000,1303100,43500000.0,58662000.0,130310.0,237860892.39,180562269.47,0.317334,0.016184,0.020481,QUARTER,QUARTER
2025-12-17,443000000,602550000,1300600,44300000.0,60255000.0,130060.0,242235345.58,185465540.67,0.306094,0.016438,0.020261,QUARTER,QUARTER
2025-12-18,443200000,595380000,1321900,44320000.0,59538000.0,132190.0,242344706.91,183258606.93,0.322419,0.016569,0.020347,QUARTER,QUARTER
2025-12-20,435500000,597260000,1309950,43550000.0,59726000.0,130995.0,238134295.71,183837272.96,0.295354,0.016568,0.02016,QUARTER,QUARTER
2025-12-21,437700000,591240000,1320500,43770000.0,59124000.0,132050.0,239337270.34,181984310.46,0.315153,0.016196,0.019917,QUARTER,QUARTER
2025-12-22,444200000,603850000,1310250,44420000.0,60385000.0,131025.0,242891513.56,185865682.07,0.306812,0.016353,0.01982,QUARTER,QUARTER
2025-12-23,465400000,620340000,1319650,46540000.0,62034000.0,131965.0,254483814.52,190941321.88,0.332785,0.016223,0.019942,QUARTER,QUARTER
2025-12-24,482900000,628690000,1346850,48290000.0,62869000.0,134685.0,264052930.88,193511460.9,0.364534,0.015788,0.019814,QUARTER,QUARTER
2025-12-25,479700000,621860000,1356000,47970000.0,62186000.0,135600.0,262303149.61,191409179.52,0.370379,0.016016,0.019854,QUARTER,QUARTER
2025-12-27,513800000,664790000,1344150,51380000.0,66479000.0,134415.0,280949256.34,204623079.88,0.373009,0.018275,0.020935,QUARTER,QUARTER
2025-12-28,534700000,685050000,1394950,53470000.0,68505000.0,139495.0,292377515.31,210859129.76,0.386601,0.018421,0.021069,QUARTER,QUARTER
2025-12-29,491500000,621950000,1417500,49150000.0,62195000.0,141750.0,268755468.07,191436881.62,0.403886,0.023523,0.02348,QUARTER,QUARTER
2025-12-30,501500000,639080000,1369850,50150000.0,63908000.0,136985.0,274223534.56,196709514.12,0.394053,0.023678,0.02339,QUARTER,QUARTER
2025-12-31,487100000,610820000,1397500,48710000.0,61082000.0,139750.0,266349518.81,188011055.6,0.416669,0.024862,0.023805,QUARTER,QUARTER
2026-01-01,484300000,615120000,1352050,48430000.0,61512000.0,135205.0,264818460.19,189334600.24,0.39868,0.024839,0.023781,QUARTER,QUARTER
2026-01-04,500000000,637870000,1370400,50000000.0,63787000.0,137040.0,273403324.58,196337074.81,0.39252,0.025217,0.023867,QUARTER,QUARTER
2026-01-05,515200000,679420000,1377700,51520000.0,67942000.0,137770.0,281714785.65,209126209.68,0.347104,0.026482,0.02462,QUARTER,QUARTER
2026-01-07,518800000,698650000,1470300,51880000.0,69865000.0,147030.0,283683289.59,215045224.44,0.31918,0.026611,0.024713,QUARTER,QUARTER
2026-01-08,510200000,684850000,1468050,51020000.0,68485000.0,146805.0,278980752.41,210797569.54,0.323453,0.02697,0.024797,QUARTER,QUARTER
2026-01-10,508300000,686920000,1455000,50830000.0,68692000.0,145500.0,277941819.77,211434717.78,0.314551,0.026471,0.024238,QUARTER,QUARTER
2026-01-11,508300000,686940000,1455050,50830000.0,68694000.0,145505.0,277941819.77,211440873.8,0.314513,0.026237,0.023847,QUARTER,QUARTER
2026-01-12,508300000,686940000,1455250,50830000.0,68694000.0,145525.0,277941819.77,211440873.8,0.314513,0.026244,0.023506,QUARTER,QUARTER
2026-01-13,508300000,686880000,1455350,50830000.0,68688000.0,145535.0,277941819.77,211422405.73,0.314628,0.025708,0.023366,QUARTER,QUARTER
2026-01-14,508300000,686870000,1455350,50830000.0,68687000.0,145535.0,277941819.77,211419327.72,0.314647,0.025675,0.023223,QUARTER,QUARTER
2026-01-15,508300000,686890000,1455250,50830000.0,68689000.0,145525.0,277941819.77,211425483.74,0.314609,0.025629,0.023229,QUARTER,QUARTER
2026-01-17,508300000,686940000,1455050,50830000.0,68694000.0,145505.0,277941819.77,211440873.8,0.314513,0.025596,0.022975,QUARTER,QUARTER
2026-01-18,508300000,686850000,1455200,50830000.0,68685000.0,145520.0,277941819.77,211413171.7,0.314685,0.025597,0.022842,QUARTER,QUARTER
2026-01-19,508300000,686850000,1455350,50830000.0,68685000.0,145535.0,277941819.77,211413171.7,0.314685,0.025293,0.022701,QUARTER,QUARTER
2026-01-20,508300000,686860000,1455050,50830000.0,68686000.0,145505.0,277941819.77,211416249.71,0.314666,0.025309,0.022648,QUARTER,QUARTER
2026-01-21,508300000,686850000,1455000,50830000.0,68685000.0,145500.0,277941819.77,211413171.7,0.314685,0.025336,0.022581,QUARTER,QUARTER
2026-01-22,508300000,686860000,1455100,50830000.0,68686000.0,145510.0,277941819.77,211416249.71,0.314666,0.025352,0.02255,QUARTER,QUARTER
2026-01-24,510000000,707900000,1455300,51000000.0,70790000.0,145530.0,278871391.08,217892384.43,0.279858,0.02553,0.022655,QUARTER,QUARTER
2026-01-25,520000000,713990000,1410100,52000000.0,71399000.0,141010.0,284339457.57,219766893.01,0.293823,0.025281,0.022321,QUARTER,QUARTER
2026-01-26,535000000,746970000,1421640,53500000.0,74697000.0,142164.0,292541557.31,229918172.62,0.272372,0.025667,0.022693,QUARTER,QUARTER
2026-01-27,546700000,791490000,1465700,54670000.0,79149000.0,146570.0,298939195.1,243621476.7,0.227064,0.026649,0.023142,QUARTER,QUARTER
2026-01-28,600000000,869950000,1527400,60000000.0,86995000.0,152740.0,328083989.5,267771549.42,0.225238,0.029741,0.024868,QUARTER,QUARTER
2026-01-29,617400000,892980000,1609450,61740000.0,89298000.0,160945.0,337598425.2,274860208.29,0.228255,0.029735,0.024789,QUARTER,QUARTER
2026-01-31,552900000,852050000,1599650,55290000.0,85205000.0,159965.0,302329396.33,262261910.09,0.152777,0.030926,0.025249,QUARTER,QUARTER
2026-02-01,542800000,818020000,1624300,54280000.0,81802000.0,162430.0,296806649.17,251787439.35,0.178798,0.031768,0.025683,QUARTER,QUARTER
2026-02-02,519900000,764960000,1586600,51990000.0,76496000.0,158660.0,284284776.9,235455514.05,0.207382,0.033581,0.026749,QUARTER,QUARTER
2026-02-03,563600000,833210000,1544650,56360000.0,83321000.0,154465.0,308180227.47,256462937.75,0.201656,0.035611,0.028101,QUARTER,QUARTER
2026-02-05,560000000,838490000,1609350,56000000.0,83849000.0,160935.0,306211723.53,258088127.45,0.186462,0.035584,0.027994,QUARTER,QUARTER
2026-02-07,520000000,784050000,1619350,52000000.0,78405000.0,161935.0,284339457.57,241331436.66,0.178211,0.037259,0.028976,QUARTER,QUARTER
2026-02-08,549500000,813470000,1554450,54950000.0,81347000.0,155445.0,300470253.72,250386944.43,0.200024,0.037194,0.028793,QUARTER,QUARTER
2026-02-09,551800000,838640000,1592600,55180000.0,83864000.0,159260.0,301727909.01,258134297.61,0.16888,0.037317,0.028858,QUARTER,QUARTER
2026-02-10,568300000,864320000,1613600,56830000.0,86432000.0,161360.0,310750218.72,266038629.34,0.168064,0.037405,0.028908,QUARTER,QUARTER
2026-02-12,557000000,846010000,1624550,55700000.0,84601000.0,162455.0,304571303.59,260402791.57,0.169616,0.037572,0.029031,QUARTER,QUARTER
2026-02-14,537100000,804970000,1621350,53710000.0,80497000.0,162135.0,293689851.27,247770635.25,0.18533,0.038387,0.029582,QUARTER,QUARTER
2026-02-15,556200000,830820000,1586600,55620000.0,83082000.0,158660.0,304133858.27,255727293.17,0.18929,0.038552,0.029702,QUARTER,QUARTER
2026-02-16,534900000,809920000,1598550,53490000.0,80992000.0,159855.0,292486876.64,249294250.6,0.17326,0.038773,0.029731,QUARTER,QUARTER
2026-02-17,547300000,816350000,1599900,54730000.0,81635000.0,159990.0,299267279.09,251273411.54,0.191003,0.03872,0.02973,QUARTER,QUARTER
2026-02-18,550700000,841450000,1610300,55070000.0,84145000.0,161030.0,301126421.7,258999218.65,0.162654,0.038762,0.029714,QUARTER,QUARTER
2026-02-19,564900000,861420000,1627300,56490000.0,86142000.0,162730.0,308891076.12,265146006.21,0.164985,0.038826,0.029637,QUARTER,QUARTER
2026-05-05,550000000,830010000,1818900,55000000.0,83001000.0,181890.0,300743657.04,255477974.29,0.17718,0.03928,0.029995,QUARTER,QUARTER
2026-05-06,550000000,836950000,1789200,55000000.0,83695000.0,178920.0,300743657.04,257614113.79,0.167419,0.03816,0.029956,QUARTER,QUARTER
2026-05-09,550000000,836980000,1779000,55000000.0,83698000.0,177900.0,300743657.04,257623347.82,0.167377,0.037987,0.029915,QUARTER,QUARTER
2026-05-10,540000000,830420000,1778800,54000000.0,83042000.0,177880.0,295275590.55,255604172.74,0.155206,0.035113,0.029885,QUARTER,QUARTER
2026-05-11,550000000,857970000,1804200,55000000.0,85797000.0,180420.0,300743657.04,264084092.49,0.138818,0.035196,0.029997,QUARTER,QUARTER
2026-05-12,560000000,848470000,1813900,56000000.0,84847000.0,181390.0,306211723.53,261159982.23,0.172506,0.034451,0.030046,QUARTER,USD
2026-05-13,540000000,848530000,1804100,54000000.0,84853000.0,180410.0,295275590.55,261178450.29,0.130551,0.034471,0.030045,QUARTER,USD
2026-05-16,535000000,840720000,1803900,53500000.0,84072000.0,180390.0,292541557.31,258774523.86,0.130488,0.034272,0.030092,QUARTER,USD
2026-05-17,540000000,835030000,1799050,54000000.0,83503000.0,179905.0,295275590.55,257023135.71,0.148829,0.033171,0.030091,QUARTER,USD
2026-05-18,535000000,822540000,1809200,53500000.0,82254000.0,180920.0,292541557.31,253178700.23,0.155475,0.033112,0.030179,QUARTER,USD
2026-05-19,530000000,822020000,1794200,53000000.0,82202000.0,179420.0,289807524.06,253018643.67,0.1454,0.032924,0.030189,QUARTER,USD
2026-05-20,535000000,832480000,1784100,53500000.0,83248000.0,178410.0,292541557.31,256238242.96,0.141678,0.032945,0.029939,QUARTER,USD
2026-05-21,540000000,829530000,1799150,54000000.0,82953000.0,179915.0,295275590.55,255330229.78,0.156446,0.032961,0.029826,QUARTER,USD
2026-05-23,530000000,803950000,1792100,53000000.0,80395000.0,179210.0,289807524.06,247456678.15,0.171144,0.03337,0.030066,QUARTER,USD
2026-05-24,515000000,777470000,1767200,51500000.0,77747000.0,176720.0,281605424.32,239306105.56,0.176758,0.033809,0.030126,QUARTER,USD
2026-05-25,530000000,790980000,1723950,53000000.0,79098000.0,172395.0,289807524.06,243464498.15,0.190348,0.033868,0.030133,QUARTER,USD
2026-05-26,525000000,788960000,1733850,52500000.0,78896000.0,173385.0,287073490.81,242842739.97,0.182137,0.033877,0.030124,QUARTER,USD
2026-05-28,525000000,785470000,1723950,52500000.0,78547000.0,172395.0,287073490.81,241768514.2,0.18739,0.033894,0.030108,QUARTER,USD
2026-05-30,520000000,778930000,1739800,52000000.0,77893000.0,173980.0,284339457.57,239755495.13,0.185956,0.033935,0.030138,QUARTER,USD
2026-05-31,520000000,785460000,1709900,52000000.0,78546000.0,170990.0,284339457.57,241765436.19,0.176096,0.033939,0.030021,QUARTER,USD
2026-06-01,545000000,805030000,1715150,54500000.0,80503000.0,171515.0,298009623.8,247789103.32,0.202674,0.034079,0.030077,QUARTER,USD
2026-06-02,530000000,790050000,1744950,53000000.0,79005000.0,174495.0,289807524.06,243178243.14,0.191749,0.034239,0.030187,QUARTER,USD
2026-06-03,530000000,791730000,1745100,53000000.0,79173000.0,174510.0,289807524.06,243695348.96,0.189221,0.034236,0.030181,QUARTER,USD
2026-06-06,525000000,779730000,1735000,52500000.0,77973000.0,173500.0,287073490.81,240001736.0,0.196131,0.034102,0.030248,QUARTER,USD
2026-06-07,540000000,793040000,1747950,54000000.0,79304000.0,174795.0,295275590.55,244098568.37,0.209657,0.034157,0.030144,QUARTER,USD
2026-06-08,535000000,782460000,1782150,53500000.0,78246000.0,178215.0,292541557.31,240842032.95,0.214662,0.033603,0.030072,QUARTER,USD
2026-06-09,520000000,776470000,1769800,52000000.0,77647000.0,176980.0,284339457.57,238998304.48,0.189713,0.032466,0.030072,QUARTER,USD
2026-06-10,520000000,776350000,1758050,52000000.0,77635000.0,175805.0,284339457.57,238961368.35,0.189897,0.028831,0.030059,QUARTER,USD
2026-06-11,525000000,773970000,1787800,52500000.0,77397000.0,178780.0,287073490.81,238228801.78,0.205033,0.028508,0.030058,QUARTER,USD
2026-06-13,498900000,746050000,1810050,49890000.0,74605000.0,181005.0,272801837.27,229634995.63,0.18798,0.028215,0.030333,QUARTER,USD
2026-06-14,504900000,742050000,1699900,50490000.0,74205000.0,169990.0,276082677.17,228403791.31,0.208748,0.027651,0.030296,QUARTER,USD
2026-06-15,476200000,702970000,1710000,47620000.0,70297000.0,171000.0,260389326.33,216374925.11,0.203417,0.027085,0.030867,QUARTER,USD
2026-06-16,441600000,677980000,1604900,44160000.0,67798000.0,160490.0,241469816.27,208682976.12,0.157113,0.023848,0.031128,QUARTER,USD
2026-06-17,476600000,701010000,1535050,47660000.0,70101000.0,153505.0,260608048.99,215771634.99,0.207796,0.024462,0.031297,QUARTER,USD
2026-06-18,470000000,678460000,1564850,47000000.0,67846000.0,156485.0,256999125.11,208830720.64,0.230658,0.023076,0.031502,QUARTER,USD
2026-06-20,487100000,697520000,1614850,48710000.0,69752000.0,161485.0,266349518.81,214697409.22,0.240581,0.022748,0.031355,QUARTER,USD
2026-06-21,483500000,700020000,1602950,48350000.0,70002000.0,160295.0,264381014.87,215466911.92,0.227014,0.022188,0.031312,QUARTER,USD
2026-06-22,486900000,690320000,1602900,48690000.0,69032000.0,160290.0,266240157.48,212481241.45,0.253005,0.021617,0.031351,QUARTER,USD
2026-06-23,494500000,696840000,1579850,49450000.0,69684000.0,157985.0,270395888.01,214488104.49,0.260657,0.021571,0.03125,QUARTER,USD
2026-06-27,504500000,707450000,1662850,50450000.0,70745000.0,166285.0,275863954.51,217753873.95,0.266861,0.020681,0.031244,QUARTER,USD
2026-06-28,538800000,749020000,1667950,53880000.0,74902000.0,166795.0,294619422.57,230549164.84,0.277903,0.022007,0.031798,QUARTER,USD
2026-06-29,512600000,727050000,1734000,51260000.0,72705000.0,173400.0,280293088.36,223786775.11,0.252501,0.022112,0.031949,QUARTER,USD
2026-06-30,521600000,732520000,1716950,52160000.0,73252000.0,171695.0,285214348.21,225470447.02,0.264974,0.022108,0.031893,QUARTER,USD
2026-07-01,523700000,747530000,1730000,52370000.0,74753000.0,173000.0,286362642.17,230090541.23,0.244565,0.021819,0.031843,QUARTER,USD
2026-07-02,528600000,756410000,1749900,52860000.0,75641000.0,174990.0,289041994.75,232823814.82,0.241462,0.021572,0.031837,QUARTER,USD
2026-07-05,535000000,768040000,1746100,53500000.0,76804000.0,174610.0,292541557.31,236403541.37,0.237467,0.021115,0.031833,QUARTER,USD
2026-07-06,540000000,768290000,1755950,54000000.0,76829000.0,175595.0,295275590.55,236480491.64,0.248626,0.021065,0.031051,QUARTER,USD
2026-07-07,535500000,768460000,1757100,53550000.0,76846000.0,175710.0,292814960.63,236532817.83,0.237946,0.021065,0.030905,QUARTER,USD
2026-07-08,545000000,774650000,1759850,54500000.0,77465000.0,175985.0,298009623.8,238438106.51,0.249841,0.021092,0.029265,QUARTER,USD
2026-07-09,540600000,777020000,1801000,54060000.0,77702000.0,180100.0,295603674.54,239167595.07,0.235969,0.020455,0.029148,QUARTER,USD
2026-07-11,521800000,756950000,1825100,52180000.0,75695000.0,182510.0,285323709.54,232990027.4,0.224618,0.020715,0.028882,QUARTER,USD
2026-07-12,520000000,764990000,1775000,52000000.0,76499000.0,177500.0,284339457.57,235464748.08,0.207567,0.0208,0.028891,QUARTER,USD
2026-07-13,516400000,765960000,1802000,51640000.0,76596000.0,180200.0,282370953.63,235763315.13,0.197688,0.020777,0.028663,QUARTER,USD
2026-07-14,533500000,775020000,1813150,53350000.0,77502000.0,181315.0,291721347.33,238551992.91,0.222884,0.02086,0.027902,QUARTER,USD
2026-07-15,546600000,795330000,1834800,54660000.0,79533000.0,183480.0,298884514.44,244803432.84,0.220916,0.021148,0.027881,QUARTER,USD
2026-07-16,536700000,790320000,1892100,53670000.0,79032000.0,189210.0,293471128.61,243261349.43,0.206403,0.021165,0.027801,QUARTER,USD
2026-07-18,546700000,828950000,1912900,54670000.0,82895000.0,191290.0,298939195.1,255151705.15,0.171614,0.022313,0.028232,QUARTER,USD
2026-07-19,535000000,812980000,1950000,53500000.0,81298000.0,195000.0,292541557.31,250236121.9,0.169062,0.02249,0.028323,QUARTER,USD
2026-07-20,515100000,787740000,1905000,51510000.0,78774000.0,190500.0,281660104.99,242467222.65,0.161642,0.022496,0.028537,QUARTER,USD
2026-07-21,525000000,798980000,1878000,52500000.0,79898000.0,187800.0,287073490.81,245926906.79,0.167312,0.022041,0.028565,QUARTER,USD
2026-07-22,540000000,823180000,1900850,54000000.0,82318000.0,190085.0,295275590.55,253375692.92,0.165367,0.022337,0.028717,QUARTER,USD
2026-07-23,540000000,816830000,1917950,54000000.0,81683000.0,191795.0,295275590.55,251421156.06,0.174426,0.022369,0.028735,QUARTER,USD
2026-07-25,530000000,790850000,1911900,53000000.0,79085000.0,191190.0,289807524.06,243424484.01,0.190544,0.022875,0.028957,QUARTER,USD
2026-07-26,525000000,774470000,1892000,52500000.0,77447000.0,189200.0,287073490.81,238382702.32,0.204255,0.023053,0.029054,QUARTER,USD
2026-07-27,540000000,788820000,1863900,54000000.0,78882000.0,186390.0,295275590.55,242799647.81,0.216129,0.023181,0.029106,QUARTER,USD
